fecha_analisis,fixture_id,partido,competicion,mercado,lado,odds,modelo_prob,implied_prob,edge,ev_pct,metodo,categoria,alcance,resultado,odds_close,clv_pct,fecha_cierre,odds_close_est,clv_pct_est,clv_method
2026-04-19 21:29,1492031,Barracas Central vs Belgrano Cordoba,"('Liga Profesional', False)",Corners Barracas Central O/U 3.5,Over/Si,1.73,0.6898,0.5362,0.1536,0.1934,v3.2-fil,Corners,Local,L,,,,,,
2026-04-19 21:29,1492032,Central Cordoba de Santiago vs Platense,"('Liga Profesional', False)",Tarjetas tot. O/U 6.5,Under/No,1.62,0.7048,0.5759,0.1289,0.1418,v3.2-fil,Tarjetas,Total,W,,,,,,
2026-04-19 21:29,1492032,Central Cordoba de Santiago vs Platense,"('Liga Profesional', False)",Tarjetas tot. O/U 5.5,Under/No,2.2,0.5506,0.4241,0.1266,0.2114,v3.2-fil,Tarjetas,Total,L,,,,,,
2026-04-19 21:29,1492039,San Lorenzo vs Velez Sarsfield,"('Liga Profesional', False)",Tarjetas tot. O/U 6.5,Under/No,1.73,0.7229,0.5362,0.1867,0.2506,v3.2-fil,Tarjetas,Total,W,1.67,+3.59,2026-04-20 20:54,,,exact
2026-04-19 21:29,1492039,San Lorenzo vs Velez Sarsfield,"('Liga Profesional', False)",Corners tot. O/U 7.5,Over/Si,1.61,0.6581,0.5501,0.108,0.0629,v3.2-fil,Corners,Total,L,1.61,-0.31,2026-04-20 20:54,,,exact
2026-04-19 21:29,1492039,San Lorenzo vs Velez Sarsfield,"('Liga Profesional', False)",Tarjetas tot. O/U 5.5,Under/No,2.02,0.5698,0.4938,0.0759,0.1538,v3.2-fil,Tarjetas,Total,W,1.95,+3.59,2026-04-20 20:54,,,exact
2026-04-19 21:29,1492041,Tigre vs Huracan,"('Liga Profesional', False)",Corners Tigre O/U 4.5,Over/Si,2.0,0.5827,0.4638,0.1189,0.1653,v3.2-fil,Corners,Local,L,2.00,+0.00,2026-04-20 20:54,,,exact
2026-04-19 21:29,1492041,Tigre vs Huracan,"('Liga Profesional', False)",Tarjetas tot. O/U 6.5,Under/No,1.73,0.6142,0.5362,0.078,0.0626,v3.2-fil,Tarjetas,Total,W,1.73,+0.00,2026-04-20 20:54,,,exact
2026-04-19 21:29,1492034,Gimnasia M. vs Lanus,"('Liga Profesional', False)",Tarjetas tot. O/U 5.5,Under/No,1.8,0.6843,0.5263,0.158,0.2318,v3.2-fil,Tarjetas,Total,W,1.80,+0.00,2026-04-20 20:54,,,exact
2026-04-19 21:29,1391139,Athletic Club vs Osasuna,"('La Liga', False)",Goles Osasuna O/U 0.5,Over/Si,1.57,0.7524,0.589,0.1634,0.1813,v3.2-fil,Goles,Visitante,L,1.50,+4.67,2026-04-21 16:31,,,exact
2026-04-19 21:30,1391144,Mallorca vs Valencia,"('La Liga', False)",Corners Valencia O/U 4.5,Over/Si,1.91,0.7065,0.4852,0.2213,0.3495,v3.2-fil,Corners,Visitante,L,1.91,+0.00,2026-04-21 16:31,,,exact
2026-04-19 21:30,1391146,Real Madrid vs Alaves,"('La Liga', False)",Goles Alaves O/U 0.5,Over/Si,1.67,0.7531,0.557,0.1961,0.2577,v3.2-fil,Goles,Visitante,W,1.80,-7.22,2026-04-21 19:14,,,exact
2026-04-19 21:30,1391146,Real Madrid vs Alaves,"('La Liga', False)",BTTS,Over/Si,1.8,0.7073,0.52,0.1873,0.2732,v3.2-fil,BTTS,Total,W,1.91,-5.76,2026-04-21 19:14,,,exact
2026-04-19 21:30,1391146,Real Madrid vs Alaves,"('La Liga', False)",Goles tot. O/U 3.5,Over/Si,2.2,0.6021,0.4315,0.1706,0.3247,v3.2-fil,Goles,Total,L,2.10,+4.76,2026-04-21 19:14,,,exact
2026-04-19 21:30,1391146,Real Madrid vs Alaves,"('La Liga', False)",Goles tot. O/U 2.5,Over/Si,1.5,0.787,0.6359,0.1511,0.1805,v3.2-fil,Goles,Total,W,1.40,+7.14,2026-04-21 19:14,,,exact
2026-04-19 21:30,1391146,Real Madrid vs Alaves,"('La Liga', False)",Corners Alaves O/U 2.5,Over/Si,1.62,0.6821,0.5759,0.1061,0.1049,v3.2-fil,Corners,Visitante,W,1.62,+0.00,2026-04-21 19:14,,,exact
2026-04-19 21:30,1379292,Crystal Palace vs West Ham,"('Premier League', False)",Tarjetas tot. O/U 4.5,Under/No,1.85,0.5939,0.5132,0.0807,0.0986,v3.2-fil,Tarjetas,Total,W,,,,,,
2026-04-19 21:30,1379301,Brighton vs Chelsea,"('Premier League', False)",Corners Chelsea O/U 4.5,Over/Si,1.8,0.6762,0.5148,0.1614,0.2171,v3.2-fil,Corners,Visitante,W,1.80,+0.00,2026-04-21 18:44,,,exact
2026-04-19 21:30,1378187,Lecce vs Fiorentina,"('Serie A', False)",Tarjetas tot. O/U 4.5,Under/No,1.83,0.6766,0.5,0.1766,0.2383,v3.2-fil,Tarjetas,Total,L,,,,,,
2026-04-20 02:11,1492039,San Lorenzo vs Velez Sarsfield,"('Liga Profesional', False)",Goles San Lorenzo O/U 0.5,Over/Si,1.62,0.7296,0.5759,0.1537,0.1819,v3.2-fil,Goles,Local,L,1.62,+0.00,2026-04-20 20:54,,,exact
2026-04-20 02:11,1492034,Gimnasia M. vs Lanus,"('Liga Profesional', False)",Goles Gimnasia M. O/U 0.5,Over/Si,1.62,0.7415,0.5759,0.1656,0.2012,v3.2-fil,Goles,Local,W,1.62,+0.00,2026-04-20 20:54,,,exact
2026-04-20 02:11,1391144,Mallorca vs Valencia,"('La Liga', False)",Goles Mallorca O/U 1.5,Over/Si,2.50,0.6086,0.3750,0.2336,0.5214,v3.2-fil,Goles,Local,L,2.50,+0.00,2026-04-21 16:31,,,exact
2026-04-20 02:11,1391144,Mallorca vs Valencia,"('La Liga', False)",Goles Mallorca O/U 0.5,Over/Si,1.33,0.8710,0.7096,0.1614,0.1585,v3.2-fil,Goles,Local,W,1.30,+2.31,2026-04-21 16:31,,,exact
2026-04-20 02:11,1391146,Real Madrid vs Alaves,"('La Liga', False)",Goles Real Madrid O/U 2.5,Over/Si,2.00,0.6608,0.4638,0.1970,0.3216,v3.2-fil,Goles,Local,L,1.83,+9.29,2026-04-21 19:14,,,exact
2026-04-20 02:11,1378187,Lecce vs Fiorentina,"('Serie A', False)",Corners Lecce O/U 4.5,Over/Si,2.10,0.5509,0.4430,0.1079,0.1568,v3.2-fil,Corners,Local,W,,,,,,
2026-04-20 02:12,1392155,Deportivo La Coruna vs Mirandes,"('LaLiga 2', False)",Corners Mirandes O/U 3.5,Over/Si,2.00,0.5717,0.4638,0.1079,0.1433,v3.2-fil,Corners,Visitante,W,,,,,,
2026-04-20 02:12,1394696,Gaziantep FK vs Kayserispor,"('Super Lig', False)",Corners Kayserispor O/U 4.5,Over/Si,2.10,0.6096,0.4430,0.1666,0.2801,v3.2-fil,Corners,Visitante,L,,,,,,
2026-04-20 22:09,1391141,Elche vs Atletico Madrid,"('La Liga', False)",Corners Atletico Madrid O/U 3.5,Over/Si,1.62,0.6776,0.5759,0.1017,0.0978,v3.2-fil,Corners,Visitante,L,1.62,+0.00,2026-04-22 16:44,,,exact
2026-04-20 22:09,1391147,Real Sociedad vs Getafe,"('La Liga', False)",Goles Real Sociedad O/U 1.5,Over/Si,2.62,0.6719,0.3547,0.3173,0.7605,v3.2-fil,Goles,Local,L,2.50,+4.80,2026-04-22 17:44,,,exact
2026-04-20 22:09,1391147,Real Sociedad vs Getafe,"('La Liga', False)",Goles tot. O/U 2.5,Over/Si,2.50,0.6348,0.3797,0.2552,0.5871,v3.2-fil,Goles,Total,L,2.38,+5.04,2026-04-22 17:44,,,exact
2026-04-20 22:09,1391147,Real Sociedad vs Getafe,"('La Liga', False)",Goles tot. O/U 1.5,Over/Si,1.50,0.8382,0.6359,0.2022,0.2573,v3.2-fil,Goles,Total,L,1.44,+4.17,2026-04-22 17:44,,,exact
2026-04-20 22:09,1391147,Real Sociedad vs Getafe,"('La Liga', False)",Goles Real Sociedad O/U 0.5,Over/Si,1.33,0.9015,0.7096,0.1919,0.1990,v3.2-fil,Goles,Local,L,1.30,+2.31,2026-04-22 17:44,,,exact
2026-04-20 22:09,1391147,Real Sociedad vs Getafe,"('La Liga', False)",BTTS,Over/Si,2.05,0.5577,0.4533,0.1044,0.1434,v3.2-fil,BTTS,Total,L,2.00,+2.50,2026-04-22 17:44,,,exact
2026-04-20 22:09,1379302,Burnley vs Manchester City,"('Premier League', False)",Goles Burnley O/U 0.5,Over/Si,2.00,0.7098,0.4638,0.2460,0.4196,v3.2-fil,Goles,Local,L,1.83,+9.29,2026-04-22 18:44,,,exact
2026-04-20 22:09,1379302,Burnley vs Manchester City,"('Premier League', False)",BTTS,Over/Si,2.05,0.5894,0.4533,0.1360,0.2082,v3.2-fil,BTTS,Total,L,2.00,+2.50,2026-04-22 18:44,,,exact
2026-04-20 22:10,1526336,Bayer Leverkusen vs Bayern München,"('DFB Pokal', True)",Corners Bayer Leverkusen O/U 3.5,Over/Si,1.67,0.7209,0.5570,0.1639,0.2040,v3.2-fil,Corners,Local,W,1.73,-3.47,2026-04-22 18:29,,,exact
2026-04-20 22:10,1526336,Bayer Leverkusen vs Bayern München,"('DFB Pokal', True)",Tarjetas tot. O/U 5.5,Under/No,1.67,0.6388,0.5570,0.0817,0.0667,v3.2-fil,Tarjetas,Total,W,1.67,+0.00,2026-04-22 18:29,,,exact
2026-04-20 22:10,1526336,Bayer Leverkusen vs Bayern München,"('DFB Pokal', True)",BTTS,Over/Si,1.40,0.7284,0.6627,0.0657,0.0197,v3.2-fil,BTTS,Total,L,1.36,+2.94,2026-04-22 18:29,,,exact
2026-04-20 22:10,1540173,Acassuso vs Gimnasia L.P.,"('Copa Argentina', True)",Goles Acassuso O/U 0.5,Over/Si,1.73,0.7217,0.5362,0.1855,0.2485,v3.2-fil,Goles,Local,,1.83,-5.46,2026-04-22 21:18,,,exact
2026-04-20 22:10,1540173,Acassuso vs Gimnasia L.P.,"('Copa Argentina', True)",BTTS,Over/Si,2.10,0.5334,0.4430,0.0904,0.1201,v3.2-fil,BTTS,Total,,2.10,+0.00,2026-04-22 21:18,,,exact
2026-04-20 22:10,1494140,Hammarby FF vs Halmstad,"('Allsvenskan', False)",Goles tot. O/U 3.5,Over/Si,2.25,0.7332,0.4110,0.3222,0.6497,v3.2-fil,Goles,Total,L,2.00,+12.50,2026-04-22 16:44,,,exact
2026-04-20 22:10,1494140,Hammarby FF vs Halmstad,"('Allsvenskan', False)",Goles Hammarby FF O/U 2.5,Over/Si,1.83,0.8030,0.5000,0.3030,0.4694,v3.2-fil,Goles,Local,L,1.73,+5.78,2026-04-22 16:44,,,exact
2026-04-20 22:10,1494140,Hammarby FF vs Halmstad,"('Allsvenskan', False)",Corners Halmstad O/U 2.5,Over/Si,1.83,0.7592,0.5000,0.2592,0.3894,v3.2-fil,Corners,Visitante,L,2.00,-8.50,2026-04-22 16:44,,,exact
2026-04-20 22:10,1494140,Hammarby FF vs Halmstad,"('Allsvenskan', False)",Goles tot. O/U 2.5,Over/Si,1.50,0.8726,0.6250,0.2476,0.3089,v3.2-fil,Goles,Total,L,1.44,+4.17,2026-04-22 16:44,,,exact
2026-04-20 22:10,1494140,Hammarby FF vs Halmstad,"('Allsvenskan', False)",Goles Hammarby FF O/U 1.5,Over/Si,1.28,0.9283,0.7322,0.1961,0.1882,v3.2-fil,Goles,Local,L,1.25,+2.40,2026-04-22 16:44,,,exact
2026-04-20 22:10,1494143,Orgryte IS vs IF Brommapojkarna,"('Allsvenskan', False)",Goles Orgryte IS O/U 1.5,Over/Si,2.25,0.5837,0.4110,0.1727,0.3133,v3.2-fil,Goles,Local,L,2.38,-5.46,2026-04-22 16:44,,,exact
2026-04-20 22:10,1494144,Vasteras SK FK vs BK Hacken,"('Allsvenskan', False)",Corners Vasteras SK FK O/U 5.5,Over/Si,2.10,0.5469,0.4430,0.1039,0.1485,v3.2-fil,Corners,Local,L,2.10,+0.00,2026-04-22 16:44,,,exact
2026-04-22 08:33,1492045,Defensa Y Justicia vs Boca Juniors,"('Liga Profesional', False)",Corners Defensa Y Justicia O/U 3.5,Over/Si,1.67,0.7819,0.5570,0.2249,0.3058,v3.2-fil,Corners,Local,W,1.67,+0.00,2026-04-23 22:44,,,exact
2026-04-22 08:33,1391143,Levante vs Sevilla,"('La Liga', False)",Goles Levante O/U 1.5,Over/Si,2.50,0.6071,0.3750,0.2321,0.5177,v3.2-fil,Goles,Local,W,2.50,+0.00,2026-04-23 16:44,,,exact
2026-04-22 08:33,1391145,Rayo Vallecano vs Espanyol,"('La Liga', False)",Goles Rayo Vallecano O/U 1.5,Over/Si,2.20,0.6156,0.4241,0.1915,0.3543,v3.2-fil,Goles,Local,L,2.10,+4.76,2026-04-23 17:44,,,exact
2026-04-22 08:34,1391148,Oviedo vs Villarreal,"('La Liga', False)",Corners Oviedo O/U 3.5,Over/Si,1.62,0.7426,0.5759,0.1667,0.2030,v3.2-fil,Corners,Local,W,1.62,+0.00,2026-04-23 19:14,,,exact
2026-04-22 08:34,1391148,Oviedo vs Villarreal,"('La Liga', False)",Corners Oviedo O/U 4.5,Over/Si,2.00,0.5819,0.4638,0.1181,0.1637,v3.2-fil,Corners,Local,W,1.73,+15.61,2026-04-23 19:14,,,exact
2026-04-22 08:35,1540053,Deportivo Moron vs Midland,"('Copa Argentina', True)",Corners tot. O/U 9.5,Over/Si,3.25,0.4652,0.2909,0.1743,0.5117,v3.2-fil,Corners,Total,,3.25,+0.00,2026-04-22 23:59,,,exact
2026-04-22 08:35,1540053,Deportivo Moron vs Midland,"('Copa Argentina', True)",Goles tot. O/U 2.5,Over/Si,2.75,0.5028,0.3373,0.1655,0.3828,v3.2-fil,Goles,Total,,3.00,-8.33,2026-04-22 23:59,,,exact
2026-04-22 08:35,1540053,Deportivo Moron vs Midland,"('Copa Argentina', True)",Goles tot. O/U 1.5,Over/Si,1.57,0.7487,0.5890,0.1597,0.1755,v3.2-fil,Goles,Total,,1.62,-3.09,2026-04-22 23:59,,,exact
2026-04-22 08:35,1540053,Deportivo Moron vs Midland,"('Copa Argentina', True)",Corners tot. O/U 7.5,Over/Si,1.73,0.6952,0.5362,0.1590,0.2026,v3.2-fil,Corners,Total,,1.73,+0.00,2026-04-22 23:59,,,exact
2026-04-22 08:35,1540053,Deportivo Moron vs Midland,"('Copa Argentina', True)",BTTS,Over/Si,2.38,0.5392,0.3913,0.1479,0.2834,v3.2-fil,BTTS,Total,,2.50,-4.80,2026-04-22 23:59,,,exact
2026-04-22 08:35,1540053,Deportivo Moron vs Midland,"('Copa Argentina', True)",Corners tot. O/U 6.5,Over/Si,1.40,0.7970,0.6627,0.1343,0.1157,v3.2-fil,Corners,Total,,1.40,+0.00,2026-04-22 23:59,,,exact
2026-04-22 08:35,1540053,Deportivo Moron vs Midland,"('Copa Argentina', True)",Corners tot. O/U 8.5,Over/Si,2.00,0.5807,0.4467,0.1340,0.1615,v3.2-fil,Corners,Total,,2.00,+0.00,2026-04-22 23:59,,,exact
2026-04-22 08:36,1494142,Malmo FF vs Sirius,"('Allsvenskan', False)",BTTS,Over/Si,1.67,0.6583,0.5570,0.1012,0.0993,v3.2-fil,BTTS,Total,W,1.62,+3.09,2026-04-23 16:44,,,exact
2026-04-22 21:17,1492046,Deportivo Riestra vs Independiente,"('Liga Profesional', False)",Corners Deportivo Riestra O/U 3.5,Over/Si,1.83,0.6446,0.5000,0.1446,0.1797,v3.2-fil,Corners,Local,L,,,,,,
2026-04-22 21:17,1492046,Deportivo Riestra vs Independiente,"('Liga Profesional', False)",Tarjetas tot. O/U 5.5,Under/No,2.00,0.5258,0.4634,0.0624,0.0516,v3.2-fil,Tarjetas,Total,L,,,,,,
2026-04-22 21:17,1492048,Estudiantes de Rio Cuarto vs Rosario Central,"('Liga Profesional', False)",Corners Estudiantes de Rio Cuarto O/U 3.5,Over/Si,1.83,0.7306,0.5000,0.2306,0.3370,v3.2-fil,Corners,Local,L,,,,,,
2026-04-22 21:17,1492048,Estudiantes de Rio Cuarto vs Rosario Central,"('Liga Profesional', False)",Tarjetas tot. O/U 5.5,Under/No,1.85,0.7151,0.5132,0.2020,0.3230,v3.2-fil,Tarjetas,Total,L,,,,,,
2026-04-22 21:18,1391131,Real Betis vs Real Madrid,"('La Liga', False)",BTTS,Over/Si,1.53,0.6971,0.6087,0.0884,0.0666,v3.2-fil,BTTS,Total,W,,,,,,
2026-04-22 21:18,1379306,Sunderland vs Nottingham Forest,"('Premier League', False)",Tarjetas tot. O/U 4.5,Under/No,1.62,0.6539,0.5759,0.0779,0.0592,v3.2-fil,Tarjetas,Total,L,,,,,,
2026-04-22 21:18,1388584,RB Leipzig vs Union Berlin,"('Bundesliga', False)",Goles RB Leipzig O/U 2.5,Over/Si,2.10,0.6147,0.4430,0.1718,0.2909,v3.2-fil,Goles,Local,W,,,,,,
2026-04-22 21:18,1388584,RB Leipzig vs Union Berlin,"('Bundesliga', False)",Corners Union Berlin O/U 3.5,Over/Si,2.00,0.6051,0.4638,0.1413,0.2102,v3.2-fil,Corners,Visitante,W,,,,,,
2026-04-22 21:19,1419947,Monza vs Modena,"('Coppa Italia', True)",Corners Modena O/U 3.5,Over/Si,1.80,0.7503,0.5147,0.2356,0.3505,v3.2-fil,Corners,Visitante,W,,,,,,
2026-04-22 21:19,1419947,Monza vs Modena,"('Coppa Italia', True)",Corners tot. O/U 10.5,Over/Si,2.62,0.5057,0.3549,0.1508,0.3275,v3.2-fil,Corners,Total,L,,,,,,
2026-04-22 21:19,1419947,Monza vs Modena,"('Coppa Italia', True)",Corners tot. O/U 9.5,Over/Si,2.00,0.6224,0.4737,0.1488,0.2449,v3.2-fil,Corners,Total,L,,,,,,
2026-04-22 21:19,1419947,Monza vs Modena,"('Coppa Italia', True)",Corners tot. O/U 7.5,Over/Si,1.33,0.8276,0.7091,0.1184,0.1032,v3.2-fil,Corners,Total,W,,,,,,
2026-04-22 21:19,1419945,Avellino vs Bari,"('Coppa Italia', True)",Corners Avellino O/U 4.5,Over/Si,1.62,0.7988,0.5759,0.2229,0.2941,v3.2-fil,Corners,Local,W,,,,,,
2026-04-23 08:44,1391131,Real Betis vs Real Madrid,"('La Liga', False)",Goles Real Betis O/U 1.5,Over/Si,2.38,0.5434,0.3913,0.1521,0.2933,v3.2-fil,Goles,Local,L,,,,,,
2026-04-23 23:12,1492047,Estudiantes L.P. vs Talleres Cordoba,"('Liga Profesional', False)",Tarjetas tot. O/U 5.5,Under/No,2.00,0.5761,0.4638,0.1123,0.1522,v3.2-fil,Tarjetas,Total,W,1.91,+4.71,2026-04-25 19:44,,,exact
2026-04-23 23:12,1492047,Estudiantes L.P. vs Talleres Cordoba,"('Liga Profesional', False)",Corners Estudiantes L.P. O/U 4.5,Over/Si,1.83,0.6035,0.5000,0.1035,0.1043,v3.2-fil,Corners,Local,W,1.73,+5.78,2026-04-25 19:44,,,exact
2026-04-23 23:13,1492053,Platense vs San Lorenzo,"('Liga Profesional', False)",Corners Platense O/U 4.5,Over/Si,2.10,0.5831,0.4430,0.1401,0.2245,v3.2-fil,Corners,Local,W,2.00,+5.00,2026-04-25 00:14,,,exact
2026-04-23 23:13,1492053,Platense vs San Lorenzo,"('Liga Profesional', False)",Tarjetas tot. O/U 5.5,Under/No,1.75,0.6152,0.5395,0.0758,0.0767,v3.2-fil,Tarjetas,Total,W,1.73,+1.16,2026-04-25 00:14,,,exact
2026-04-23 23:13,1492056,Sarmiento Junin vs Tigre,"('Liga Profesional', False)",Tarjetas tot. O/U 6.5,Under/No,1.67,0.6702,0.5570,0.1132,0.1193,v3.2-fil,Tarjetas,Total,L,1.62,+3.09,2026-04-25 21:59,,,exact
2026-04-23 23:14,1391129,Alaves vs Mallorca,"('La Liga', False)",Goles Alaves O/U 1.5,Over/Si,2.20,0.6250,0.4241,0.2010,0.3751,v3.2-fil,Goles,Local,W,2.00,+10.00,2026-04-25 11:44,,,exact
2026-04-23 23:14,1391130,Atletico Madrid vs Athletic Club,"('La Liga', False)",Goles Atletico Madrid O/U 1.5,Over/Si,2.10,0.8005,0.4430,0.3576,0.6812,v3.2-fil,Goles,Local,W,1.91,+9.95,2026-04-25 18:44,,,exact
2026-04-23 23:14,1391130,Atletico Madrid vs Athletic Club,"('La Liga', False)",Goles tot. O/U 2.5,Over/Si,1.91,0.7328,0.5000,0.2328,0.3996,v3.2-fil,Goles,Total,W,1.91,+0.00,2026-04-25 18:44,,,exact
2026-04-23 23:14,1391130,Atletico Madrid vs Athletic Club,"('La Liga', False)",Goles tot. O/U 3.5,Over/Si,3.20,0.5279,0.2982,0.2296,0.6892,v3.2-fil,Goles,Total,W,3.20,+0.00,2026-04-25 18:44,,,exact
2026-04-23 23:14,1391130,Atletico Madrid vs Athletic Club,"('La Liga', False)",Goles Atletico Madrid O/U 0.5,Over/Si,1.22,0.9497,0.7663,0.1834,0.1586,v3.2-fil,Goles,Local,W,1.20,+1.67,2026-04-25 18:44,,,exact
2026-04-23 23:14,1391130,Atletico Madrid vs Athletic Club,"('La Liga', False)",Corners Athletic Club O/U 3.5,Over/Si,1.62,0.7276,0.5759,0.1517,0.1788,v3.2-fil,Corners,Visitante,W,1.62,+0.00,2026-04-25 18:44,,,exact
2026-04-23 23:15,1379303,Fulham vs Aston Villa,"('Premier League', False)",Goles Fulham O/U 1.5,Over/Si,2.25,0.5779,0.4110,0.1669,0.3003,v3.2-fil,Goles,Local,L,2.10,+7.14,2026-04-25 11:21,,,exact
2026-04-23 23:15,1379308,Wolves vs Tottenham,"('Premier League', False)",Goles Wolves O/U 1.5,Over/Si,3.25,0.6121,0.2904,0.3217,0.9893,v3.2-fil,Goles,Local,L,3.00,+8.33,2026-04-25 13:44,,,exact
2026-04-23 23:15,1379308,Wolves vs Tottenham,"('Premier League', False)",Goles Wolves O/U 0.5,Over/Si,1.44,0.8744,0.6453,0.2291,0.2591,v3.2-fil,Goles,Local,L,1.40,+2.86,2026-04-25 13:44,,,exact
2026-04-23 23:15,1379308,Wolves vs Tottenham,"('Premier League', False)",BTTS,Over/Si,1.75,0.6440,0.5333,0.1106,0.1269,v3.2-fil,BTTS,Total,L,1.67,+4.79,2026-04-25 13:44,,,exact
2026-04-23 23:15,1379308,Wolves vs Tottenham,"('Premier League', False)",Corners Tottenham O/U 5.5,Over/Si,1.83,0.6065,0.5000,0.1065,0.1098,v3.2-fil,Corners,Visitante,L,1.73,+5.78,2026-04-25 13:44,,,exact
2026-04-23 23:16,1379307,West Ham vs Everton,"('Premier League', False)",Tarjetas tot. O/U 4.5,Under/No,1.67,0.6337,0.5570,0.0767,0.0583,v3.2-fil,Tarjetas,Total,L,1.62,+3.09,2026-04-25 13:44,,,exact
2026-04-23 23:16,1379299,Arsenal vs Newcastle,"('Premier League', False)",Tarjetas tot. O/U 3.5,Under/No,1.83,0.5856,0.5000,0.0856,0.0716,v3.2-fil,Tarjetas,Total,L,1.85,-1.08,2026-04-25 16:14,,,exact
2026-04-23 23:17,1388583,FSV Mainz 05 vs Bayern München,"('Bundesliga', False)",Corners FSV Mainz 05 O/U 3.5,Over/Si,2.20,0.6774,0.4241,0.2533,0.4903,v3.2-fil,Corners,Local,W,2.20,+0.00,2026-04-25 13:14,,,exact
2026-04-23 23:17,1388578,FC Augsburg vs Eintracht Frankfurt,"('Bundesliga', False)",Goles FC Augsburg O/U 1.5,Over/Si,1.91,0.6643,0.4852,0.1792,0.2689,v3.2-fil,Goles,Local,L,1.91,+0.00,2026-04-25 13:14,,,exact
2026-04-23 23:17,1388578,FC Augsburg vs Eintracht Frankfurt,"('Bundesliga', False)",BTTS,Over/Si,1.44,0.7210,0.6453,0.0757,0.0383,v3.2-fil,BTTS,Total,W,1.44,+0.00,2026-04-25 13:14,,,exact
2026-04-23 23:17,1388582,1. FC Heidenheim vs FC St. Pauli,"('Bundesliga', False)",Goles 1. FC Heidenheim O/U 1.5,Over/Si,2.20,0.7067,0.4241,0.2826,0.5547,v3.2-fil,Goles,Local,W,2.20,+0.00,2026-04-25 13:14,,,exact
2026-04-23 23:17,1388582,1. FC Heidenheim vs FC St. Pauli,"('Bundesliga', False)",Tarjetas tot. O/U 4.5,Under/No,1.67,0.7914,0.5570,0.2344,0.3216,v3.2-fil,Tarjetas,Total,W,1.62,+3.09,2026-04-25 13:14,,,exact
2026-04-23 23:17,1388582,1. FC Heidenheim vs FC St. Pauli,"('Bundesliga', False)",Goles tot. O/U 3.5,Over/Si,3.40,0.4867,0.2812,0.2056,0.6549,v3.2-fil,Goles,Total,L,3.40,+0.00,2026-04-25 13:14,,,exact
2026-04-23 23:17,1388582,1. FC Heidenheim vs FC St. Pauli,"('Bundesliga', False)",Goles tot. O/U 2.5,Over/Si,1.91,0.7004,0.5000,0.2004,0.3377,v3.2-fil,Goles,Total,L,1.91,+0.00,2026-04-25 13:14,,,exact
2026-04-23 23:17,1388582,1. FC Heidenheim vs FC St. Pauli,"('Bundesliga', False)",Goles 1. FC Heidenheim O/U 0.5,Over/Si,1.25,0.9171,0.7500,0.1671,0.1463,v3.2-fil,Goles,Local,W,1.25,+0.00,2026-04-25 13:14,,,exact
2026-04-23 23:17,1388582,1. FC Heidenheim vs FC St. Pauli,"('Bundesliga', False)",Tarjetas tot. O/U 3.5,Under/No,2.00,0.6149,0.5000,0.1149,0.2297,v3.2-fil,Tarjetas,Total,W,2.00,+0.00,2026-04-25 13:14,,,exact
2026-04-23 23:17,1388582,1. FC Heidenheim vs FC St. Pauli,"('Bundesliga', False)",BTTS,Over/Si,1.70,0.6243,0.5467,0.0776,0.0613,v3.2-fil,BTTS,Total,L,1.70,+0.00,2026-04-25 13:14,,,exact
2026-04-23 23:18,1388580,1. FC Köln vs Bayer Leverkusen,"('Bundesliga', False)",Goles 1. FC Köln O/U 1.5,Over/Si,2.50,0.6952,0.3750,0.3202,0.7380,v3.2-fil,Goles,Local,L,2.38,+5.04,2026-04-25 13:14,,,exact
2026-04-23 23:18,1388580,1. FC Köln vs Bayer Leverkusen,"('Bundesliga', False)",Goles 1. FC Köln O/U 0.5,Over/Si,1.30,0.9107,0.7234,0.1873,0.1839,v3.2-fil,Goles,Local,W,1.28,+1.56,2026-04-25 13:14,,,exact
2026-04-23 23:18,1388580,1. FC Köln vs Bayer Leverkusen,"('Bundesliga', False)",Goles tot. O/U 2.5,Over/Si,1.57,0.7584,0.6025,0.1559,0.1907,v3.2-fil,Goles,Total,W,1.53,+2.61,2026-04-25 13:14,,,exact
2026-04-23 23:18,1388580,1. FC Köln vs Bayer Leverkusen,"('Bundesliga', False)",BTTS,Over/Si,1.53,0.7201,0.6087,0.1114,0.1018,v3.2-fil,BTTS,Total,W,1.50,+2.00,2026-04-25 13:14,,,exact
2026-04-23 23:18,1388581,Hamburger SV vs 1899 Hoffenheim,"('Bundesliga', False)",Goles Hamburger SV O/U 1.5,Over/Si,2.50,0.5654,0.3750,0.1904,0.4135,v3.2-fil,Goles,Local,L,2.38,+5.04,2026-04-25 16:14,,,exact
2026-04-23 23:18,1492232,Bahia vs Santos,"('Brasileirao Serie A', False)",Goles Bahia O/U 1.5,Over/Si,1.83,0.7601,0.5000,0.2601,0.3910,v3.2-fil,Goles,Local,W,1.80,+1.67,2026-04-25 21:14,,,exact
2026-04-23 23:18,1492232,Bahia vs Santos,"('Brasileirao Serie A', False)",Goles tot. O/U 2.5,Over/Si,1.95,0.6385,0.4868,0.1516,0.2450,v3.2-fil,Goles,Total,W,1.95,+0.00,2026-04-25 21:14,,,exact
2026-04-23 23:18,1492233,Botafogo vs Internacional,"('Brasileirao Serie A', False)",Goles Botafogo O/U 1.5,Over/Si,2.50,0.7833,0.3750,0.4083,0.9584,v3.2-fil,Goles,Local,W,2.50,+0.00,2026-04-25 21:14,,,exact
2026-04-23 23:18,1492233,Botafogo vs Internacional,"('Brasileirao Serie A', False)",Goles tot. O/U 2.5,Over/Si,2.08,0.7341,0.4541,0.2800,0.5269,v3.2-fil,Goles,Total,W,2.08,+0.00,2026-04-25 21:14,,,exact
2026-04-23 23:18,1492233,Botafogo vs Internacional,"('Brasileirao Serie A', False)",Goles Botafogo O/U 0.5,Over/Si,1.30,0.9441,0.7234,0.2207,0.2274,v3.2-fil,Goles,Local,W,1.30,+0.00,2026-04-25 21:14,,,exact
2026-04-23 23:18,1492233,Botafogo vs Internacional,"('Brasileirao Serie A', False)",Goles tot. O/U 1.5,Over/Si,1.36,0.8948,0.7018,0.1931,0.2170,v3.2-fil,Goles,Total,W,1.33,+2.26,2026-04-25 21:14,,,exact
2026-04-23 23:20,1378203,Hellas Verona vs Lecce,"('Serie A', False)",Tarjetas tot. O/U 4.5,Under/No,1.95,0.6734,0.4868,0.1866,0.3131,v3.2-fil,Tarjetas,Total,L,1.82,+7.14,2026-04-25 18:29,,,exact
2026-04-23 23:20,1378203,Hellas Verona vs Lecce,"('Serie A', False)",Corners Hellas Verona O/U 5.5,Over/Si,2.10,0.5905,0.4430,0.1475,0.2400,v3.2-fil,Corners,Local,L,2.10,+0.00,2026-04-25 18:29,,,exact
2026-04-23 23:21,1419946,Catanzaro vs Spezia,"('Coppa Italia', True)",Goles Catanzaro O/U 1.5,Over/Si,2.10,0.6837,0.4430,0.2408,0.4359,v3.2-fil,Goles,Local,W,,,,,,
2026-04-23 23:21,1419946,Catanzaro vs Spezia,"('Coppa Italia', True)",Corners Spezia O/U 4.5,Over/Si,1.91,0.6188,0.4852,0.1337,0.1820,v3.2-fil,Corners,Visitante,L,,,,,,
2026-04-23 23:21,1419946,Catanzaro vs Spezia,"('Coppa Italia', True)",Tarjetas tot. O/U 5.5,Under/No,1.85,0.6017,0.5132,0.0885,0.1131,v3.2-fil,Tarjetas,Total,W,,,,,,
2026-04-23 23:21,1419950,Frosinone vs Carrarese,"('Coppa Italia', True)",Corners Carrarese O/U 3.5,Over/Si,1.80,0.6435,0.5148,0.1287,0.1584,v3.2-fil,Corners,Visitante,W,2.00,-10.00,2026-04-25 12:44,,,exact
2026-04-23 23:21,1419950,Frosinone vs Carrarese,"('Coppa Italia', True)",Corners tot. O/U 9.5,Over/Si,1.80,0.6266,0.5263,0.1003,0.1278,v3.2-fil,Corners,Total,W,1.80,+0.00,2026-04-25 12:44,,,exact
2026-04-23 23:21,1419950,Frosinone vs Carrarese,"('Coppa Italia', True)",Tarjetas tot. O/U 5.5,Under/No,1.62,0.6409,0.5759,0.0650,0.0383,v3.2-fil,Tarjetas,Total,W,1.62,+0.00,2026-04-25 12:44,,,exact
2026-04-23 23:22,1419949,Virtus Entella vs Padova,"('Coppa Italia', True)",Goles Virtus Entella O/U 1.5,Over/Si,2.10,0.6045,0.4430,0.1615,0.2693,v3.2-fil,Goles,Local,L,2.10,+0.00,2026-04-25 12:44,,,exact
2026-04-23 23:22,1419942,Reggiana vs Palermo,"('Coppa Italia', True)",Corners Reggiana O/U 3.5,Over/Si,2.00,0.5686,0.4638,0.1048,0.1373,v3.2-fil,Corners,Local,L,2.00,+0.00,2026-04-25 12:44,,,exact
2026-04-23 23:23,1419941,Cesena vs Sampdoria,"('Coppa Italia', True)",Corners Cesena O/U 4.5,Over/Si,1.80,0.6862,0.5148,0.1714,0.2351,v3.2-fil,Corners,Local,L,1.80,+0.00,2026-04-25 17:14,,,exact
2026-04-23 23:23,1419941,Cesena vs Sampdoria,"('Coppa Italia', True)",Goles Cesena O/U 1.5,Over/Si,2.50,0.5411,0.3750,0.1661,0.3528,v3.2-fil,Goles,Local,L,2.38,+5.04,2026-04-25 17:14,,,exact
2026-04-23 23:24,1392168,Burgos vs Deportivo La Coruna,"('LaLiga 2', False)",Corners Deportivo La Coruna O/U 4.5,Over/Si,2.20,0.6564,0.4241,0.2323,0.4441,v3.2-fil,Corners,Visitante,L,2.20,+0.00,2026-04-25 16:14,,,exact
2026-04-23 23:24,1392161,Malaga vs Castellón,"('LaLiga 2', False)",Goles Malaga O/U 1.5,Over/Si,2.10,0.7361,0.4430,0.2931,0.5458,v3.2-fil,Goles,Local,W,2.10,+0.00,2026-04-25 18:44,,,exact
2026-04-23 23:24,1392161,Malaga vs Castellón,"('LaLiga 2', False)",Corners Castellón O/U 4.5,Over/Si,1.80,0.7069,0.5148,0.1921,0.2724,v3.2-fil,Corners,Visitante,L,1.80,+0.00,2026-04-25 18:44,,,exact
2026-04-23 23:24,1392161,Malaga vs Castellón,"('LaLiga 2', False)",Goles Malaga O/U 0.5,Over/Si,1.22,0.9271,0.7663,0.1608,0.1311,v3.2-fil,Goles,Local,W,1.22,+0.00,2026-04-25 18:44,,,exact
2026-04-24 21:04,1492043,Atletico Tucuman vs Banfield,"('Liga Profesional', False)",Corners Atletico Tucuman O/U 4.5,Over/Si,1.73,0.8004,0.5362,0.2642,0.3847,v3.2-fil,Corners,Local,L,1.73,+0.00,2026-04-26 22:44,,,exact
2026-04-24 21:04,1492043,Atletico Tucuman vs Banfield,"('Liga Profesional', False)",Tarjetas tot. O/U 5.5,Under/No,1.80,0.6823,0.5263,0.1560,0.2281,v3.2-fil,Tarjetas,Total,W,1.80,+0.00,2026-04-26 22:44,,,exact
2026-04-24 21:05,1492050,Independ. Rivadavia vs Gimnasia M.,"('Liga Profesional', False)",Tarjetas tot. O/U 7.5,Under/No,1.73,0.8642,0.5362,0.3280,0.4951,v3.2-fil,Tarjetas,Total,L,1.73,+0.00,2026-04-26 17:44,,,exact
2026-04-24 21:05,1492050,Independ. Rivadavia vs Gimnasia M.,"('Liga Profesional', False)",Tarjetas tot. O/U 6.5,Under/No,2.00,0.7608,0.5000,0.2608,0.5216,v3.2-fil,Tarjetas,Total,L,2.00,+0.00,2026-04-26 17:44,,,exact
2026-04-24 21:05,1492052,Newells Old Boys vs Instituto Cordoba,"('Liga Profesional', False)",Corners Instituto Cordoba O/U 4.5,Over/Si,1.83,0.6142,0.5000,0.1142,0.1240,v3.2-fil,Corners,Visitante,L,1.83,+0.00,2026-04-26 20:14,,,exact
2026-04-24 21:05,1492052,Newells Old Boys vs Instituto Cordoba,"('Liga Profesional', False)",Tarjetas tot. O/U 5.5,Under/No,2.00,0.5767,0.4737,0.1030,0.1534,v3.2-fil,Tarjetas,Total,L,1.80,+11.11,2026-04-26 20:14,,,exact
2026-04-24 21:06,1391137,Valencia vs Girona,"('La Liga', False)",Corners Valencia O/U 5.5,Over/Si,2.00,0.6207,0.4638,0.1569,0.2414,v3.2-fil,Corners,Local,L,2.10,-4.76,2026-04-25 16:14,,,exact
2026-04-24 21:07,1391135,Rayo Vallecano vs Real Sociedad,"('La Liga', False)",Goles Rayo Vallecano O/U 1.5,Over/Si,2.50,0.5275,0.3750,0.1525,0.3188,v3.2-fil,Goles,Local,W,,,,,,
2026-04-24 21:07,1391134,Osasuna vs Sevilla,"('La Liga', False)",Goles Osasuna O/U 1.5,Over/Si,2.20,0.7408,0.4241,0.3167,0.6298,v3.2-fil,Goles,Local,W,,,,,,
2026-04-24 21:07,1391134,Osasuna vs Sevilla,"('La Liga', False)",Goles tot. O/U 2.5,Over/Si,2.10,0.6792,0.4517,0.2275,0.4262,v3.2-fil,Goles,Total,W,,,,,,
2026-04-24 21:07,1391134,Osasuna vs Sevilla,"('La Liga', False)",Goles Osasuna O/U 0.5,Over/Si,1.25,0.9289,0.7500,0.1789,0.1611,v3.2-fil,Goles,Local,W,,,,,,
2026-04-24 21:07,1391138,Villarreal vs Celta Vigo,"('La Liga', False)",Goles Villarreal O/U 1.5,Over/Si,1.83,0.6699,0.5000,0.1699,0.2260,v3.2-fil,Goles,Local,W,1.80,+1.67,2026-04-26 18:44,,,exact
2026-04-24 21:11,1492230,Atletico Paranaense vs Vitoria,"('Brasileirao Serie A', False)",Goles Atletico Paranaense O/U 1.5,Over/Si,1.91,0.7674,0.4852,0.2822,0.4657,v3.2-fil,Goles,Local,W,1.83,+4.37,2026-04-26 21:14,,,exact
2026-04-24 21:11,1492230,Atletico Paranaense vs Vitoria,"('Brasileirao Serie A', False)",Goles tot. O/U 2.5,Over/Si,2.20,0.6638,0.4286,0.2353,0.4604,v3.2-fil,Goles,Total,W,2.20,+0.00,2026-04-26 21:14,,,exact
2026-04-24 21:11,1492230,Atletico Paranaense vs Vitoria,"('Brasileirao Serie A', False)",Goles tot. O/U 1.5,Over/Si,1.40,0.8548,0.6818,0.1730,0.1968,v3.2-fil,Goles,Total,W,1.36,+2.94,2026-04-26 21:14,,,exact
2026-04-24 21:11,1492230,Atletico Paranaense vs Vitoria,"('Brasileirao Serie A', False)",Goles Atletico Paranaense O/U 0.5,Over/Si,1.20,0.9385,0.7830,0.1555,0.1262,v3.2-fil,Goles,Local,W,1.17,+2.56,2026-04-26 21:14,,,exact
2026-04-24 21:12,1492234,RB Bragantino vs Palmeiras,"('Brasileirao Serie A', False)",Goles RB Bragantino O/U 1.5,Over/Si,3.00,0.5811,0.3119,0.2692,0.7433,v3.2-fil,Goles,Local,L,2.75,+9.09,2026-04-26 21:14,,,exact
2026-04-24 21:12,1492234,RB Bragantino vs Palmeiras,"('Brasileirao Serie A', False)",Goles RB Bragantino O/U 0.5,Over/Si,1.40,0.8591,0.6627,0.1965,0.2028,v3.2-fil,Goles,Local,L,1.40,+0.00,2026-04-26 21:14,,,exact
2026-04-24 21:12,1492234,RB Bragantino vs Palmeiras,"('Brasileirao Serie A', False)",Goles tot. O/U 2.5,Over/Si,2.10,0.6159,0.4474,0.1685,0.2934,v3.2-fil,Goles,Total,L,2.25,-6.67,2026-04-26 21:14,,,exact
2026-04-24 21:12,1492234,RB Bragantino vs Palmeiras,"('Brasileirao Serie A', False)",Corners Palmeiras O/U 4.5,Over/Si,1.67,0.6576,0.5570,0.1006,0.0982,v3.2-fil,Corners,Visitante,L,1.67,+0.00,2026-04-26 21:14,,,exact
2026-04-24 21:12,1492234,RB Bragantino vs Palmeiras,"('Brasileirao Serie A', False)",BTTS,Over/Si,1.80,0.6076,0.5200,0.0876,0.0937,v3.2-fil,BTTS,Total,L,1.95,-7.69,2026-04-26 21:14,,,exact
2026-04-24 21:12,1492231,Atletico-MG vs Flamengo,"('Brasileirao Serie A', False)",Goles Atletico-MG O/U 0.5,Over/Si,1.50,0.8520,0.6250,0.2270,0.2779,v3.2-fil,Goles,Local,L,1.50,+0.00,2026-04-26 23:14,,,exact
2026-04-24 21:12,1492231,Atletico-MG vs Flamengo,"('Brasileirao Serie A', False)",Goles tot. O/U 2.5,Over/Si,2.10,0.6041,0.4474,0.1568,0.2687,v3.2-fil,Goles,Total,W,2.10,+0.00,2026-04-26 23:14,,,exact
2026-04-24 21:12,1492231,Atletico-MG vs Flamengo,"('Brasileirao Serie A', False)",BTTS,Over/Si,1.95,0.6003,0.4800,0.1203,0.1705,v3.2-fil,BTTS,Total,L,1.91,+2.09,2026-04-26 23:14,,,exact
2026-04-24 21:12,1378194,Bologna vs AS Roma,"('Serie A', False)",Tarjetas tot. O/U 4.5,Under/No,1.62,0.6771,0.5759,0.1012,0.0969,v3.2-fil,Tarjetas,Total,W,1.62,+0.00,2026-04-25 15:44,,,exact
2026-04-24 21:13,1378197,Genoa vs Como,"('Serie A', False)",Tarjetas tot. O/U 4.5,Under/No,1.80,0.6362,0.5148,0.1213,0.1451,v3.2-fil,Tarjetas,Total,W,,,,,,
2026-04-24 21:13,1378202,Torino vs Inter,"('Serie A', False)",Goles Torino O/U 0.5,Over/Si,1.67,0.7622,0.5570,0.2052,0.2729,v3.2-fil,Goles,Local,W,,,,,,
2026-04-24 21:13,1378202,Torino vs Inter,"('Serie A', False)",BTTS,Over/Si,1.80,0.6316,0.5200,0.1116,0.1369,v3.2-fil,BTTS,Total,W,,,,,,
2026-04-24 21:14,1378199,AC Milan vs Juventus,"('Serie A', False)",Tarjetas tot. O/U 4.5,Under/No,1.62,0.6487,0.5759,0.0728,0.0509,v3.2-fil,Tarjetas,Total,L,1.62,+0.00,2026-04-26 18:29,,,exact
2026-04-24 21:14,1539715,Chelsea vs Leeds,"('FA Cup', True)",Corners Chelsea O/U 5.5,Over/Si,1.80,0.7354,0.5148,0.2206,0.3237,v3.2-fil,Corners,Local,W,,,,,,
2026-04-24 21:14,1539715,Chelsea vs Leeds,"('FA Cup', True)",Tarjetas tot. O/U 4.5,Under/No,1.67,0.6171,0.5570,0.0601,0.0306,v3.2-fil,Tarjetas,Total,L,,,,,,
2026-04-24 21:15,1419948,Pescara vs Juve Stabia,"('Coppa Italia', True)",Goles Pescara O/U 1.5,Over/Si,2.00,0.6175,0.4638,0.1537,0.2350,v3.2-fil,Goles,Local,L,2.10,-4.76,2026-04-25 12:44,,,exact
2026-04-24 21:16,1494147,Djurgardens IF vs Hammarby FF,"('Allsvenskan', False)",Goles Djurgardens IF O/U 1.5,Over/Si,2.38,0.7292,0.3913,0.3379,0.7356,v3.2-fil,Goles,Local,L,,,,,,
2026-04-24 21:16,1494147,Djurgardens IF vs Hammarby FF,"('Allsvenskan', False)",Goles Djurgardens IF O/U 0.5,Over/Si,1.28,0.9238,0.7322,0.1916,0.1825,v3.2-fil,Goles,Local,W,,,,,,
2026-04-24 21:16,1494147,Djurgardens IF vs Hammarby FF,"('Allsvenskan', False)",Goles tot. O/U 2.5,Over/Si,1.73,0.7030,0.5459,0.1571,0.2162,v3.2-fil,Goles,Total,L,,,,,,
2026-04-24 21:16,1494147,Djurgardens IF vs Hammarby FF,"('Allsvenskan', False)",Goles tot. O/U 3.5,Over/Si,2.75,0.4914,0.3373,0.1540,0.3513,v3.2-fil,Goles,Total,L,,,,,,
2026-04-24 21:16,1494148,IFK Goteborg vs Gais,"('Allsvenskan', False)",Corners IFK Goteborg O/U 5.5,Over/Si,2.00,0.6067,0.4634,0.1433,0.2134,v3.2-fil,Corners,Local,L,,,,,,
2026-04-24 21:17,1494146,IF Brommapojkarna vs Vasteras SK FK,"('Allsvenskan', False)",BTTS,Over/Si,1.75,0.6166,0.5333,0.0832,0.0790,v3.2-fil,BTTS,Total,W,,,,,,
2026-04-24 21:18,1392165,Granada CF vs Almeria,"('LaLiga 2', False)",Goles Granada CF O/U 1.5,Over/Si,2.50,0.6965,0.3750,0.3215,0.7412,v3.2-fil,Goles,Local,W,,,,,,
2026-04-24 21:18,1392165,Granada CF vs Almeria,"('LaLiga 2', False)",Goles Granada CF O/U 0.5,Over/Si,1.28,0.9113,0.7322,0.1790,0.1664,v3.2-fil,Goles,Local,W,,,,,,
2026-04-24 21:18,1392163,Mirandes vs Cultural Leonesa,"('LaLiga 2', False)",Corners Mirandes O/U 4.5,Over/Si,1.67,0.6685,0.5570,0.1115,0.1164,v3.2-fil,Corners,Local,W,,,,,,
2026-04-24 21:19,1396985,Leganes vs FC Andorra,"('LaLiga 2', False)",Corners Leganes O/U 4.5,Over/Si,2.00,0.6337,0.4634,0.1703,0.2674,v3.2-fil,Corners,Local,W,,,,,,
2026-04-24 21:19,1392162,AD Ceuta FC vs Racing Santander,"('LaLiga 2', False)",Goles AD Ceuta FC O/U 1.5,Over/Si,2.25,0.6310,0.4110,0.2200,0.4198,v3.2-fil,Goles,Local,L,2.50,-10.00,2026-04-26 18:44,,,exact
2026-04-24 21:19,1392162,AD Ceuta FC vs Racing Santander,"('LaLiga 2', False)",Goles AD Ceuta FC O/U 0.5,Over/Si,1.28,0.8826,0.7322,0.1504,0.1297,v3.2-fil,Goles,Local,L,1.33,-3.76,2026-04-26 18:44,,,exact
2026-04-24 21:20,1394707,Galatasaray vs Fenerbahçe,"('Super Lig', False)",Goles Galatasaray O/U 1.5,Over/Si,1.91,0.6752,0.4852,0.1900,0.2896,v3.2-fil,Goles,Local,W,2.00,-4.50,2026-04-26 16:49,,,exact
2026-04-25 20:02,1539715,Chelsea vs Leeds,"('FA Cup', True)",Goles tot. O/U 2.5,Over/Si,1.91,0.7110,0.5000,0.2110,0.3580,v3.2-fil,Goles,Total,L,,,,,,
2026-04-25 20:02,1539715,Chelsea vs Leeds,"('FA Cup', True)",Goles tot. O/U 3.5,Over/Si,3.00,0.5017,0.3119,0.1898,0.5051,v3.2-fil,Goles,Total,L,,,,,,
2026-04-25 20:02,1539715,Chelsea vs Leeds,"('FA Cup', True)",Corners Leeds O/U 3.5,Over/Si,1.67,0.7426,0.5570,0.1856,0.2402,v3.2-fil,Corners,Visitante,W,,,,,,
2026-04-25 20:02,1539715,Chelsea vs Leeds,"('FA Cup', True)",Corners tot. O/U 9.5,Over/Si,1.73,0.7185,0.5362,0.1823,0.2430,v3.2-fil,Corners,Total,W,,,,,,
2026-04-25 20:02,1539715,Chelsea vs Leeds,"('FA Cup', True)",Corners tot. O/U 11.5,Over/Si,2.75,0.5179,0.3373,0.1805,0.4242,v3.2-fil,Corners,Total,L,,,,,,
2026-04-25 20:02,1539715,Chelsea vs Leeds,"('FA Cup', True)",Goles Chelsea O/U 1.5,Over/Si,2.00,0.6345,0.4638,0.1707,0.2690,v3.2-fil,Goles,Local,L,,,,,,
2026-04-25 20:02,1539715,Chelsea vs Leeds,"('FA Cup', True)",Corners tot. O/U 10.5,Over/Si,1.95,0.6206,0.4607,0.1598,0.2101,v3.2-fil,Corners,Total,L,,,,,,
2026-04-25 20:02,1539715,Chelsea vs Leeds,"('FA Cup', True)",BTTS,Over/Si,1.70,0.6931,0.5467,0.1464,0.1783,v3.2-fil,BTTS,Total,L,,,,,,
2026-04-25 20:02,1539715,Chelsea vs Leeds,"('FA Cup', True)",Corners tot. O/U 8.5,Over/Si,1.40,0.8047,0.6627,0.1421,0.1266,v3.2-fil,Corners,Total,W,,,,,,
2026-04-25 20:02,1539715,Chelsea vs Leeds,"('FA Cup', True)",Corners tot. O/U 7.5,Over/Si,1.22,0.8765,0.7660,0.1105,0.0711,v3.2-fil,Corners,Total,W,,,,,,
2026-04-26 14:04,1492057,Velez Sarsfield vs Union Santa Fe,"('Liga Profesional', False)",Tarjetas tot. O/U 5.5,Under/No,2.20,0.7286,0.4241,0.3045,0.6030,v3.2-fil,Tarjetas,Total,L,1.98,+11.11,2026-04-27 21:11,,,exact
2026-04-26 14:04,1492057,Velez Sarsfield vs Union Santa Fe,"('Liga Profesional', False)",Tarjetas tot. O/U 6.5,Under/No,1.62,0.8495,0.5759,0.2736,0.3762,v3.2-fil,Tarjetas,Total,L,1.62,+0.00,2026-04-27 21:11,,,exact
2026-04-26 14:04,1391132,Espanyol vs Levante,"('La Liga', False)",Corners Espanyol O/U 5.5,Over/Si,1.83,0.6702,0.5000,0.1702,0.2265,v3.2-fil,Corners,Local,L,1.83,+0.00,2026-04-27 18:44,,,exact
2026-04-26 14:04,1391132,Espanyol vs Levante,"('La Liga', False)",Tarjetas tot. O/U 5.5,Under/No,1.85,0.6570,0.4977,0.1593,0.2155,v3.2-fil,Tarjetas,Total,L,2.00,-7.50,2026-04-27 18:44,,,exact
2026-04-26 14:07,1494149,BK Hacken vs Sirius,"('Allsvenskan', False)",Goles tot. O/U 3.5,Over/Si,2.62,0.6137,0.3547,0.2590,0.6078,v3.2-fil,Goles,Total,W,,,,,,
2026-04-26 14:07,1494149,BK Hacken vs Sirius,"('Allsvenskan', False)",Goles tot. O/U 2.5,Over/Si,1.70,0.7973,0.5526,0.2447,0.3554,v3.2-fil,Goles,Total,W,,,,,,
2026-04-26 14:07,1494149,BK Hacken vs Sirius,"('Allsvenskan', False)",Goles BK Hacken O/U 1.5,Over/Si,2.25,0.6163,0.4110,0.2053,0.3866,v3.2-fil,Goles,Local,W,,,,,,
2026-04-26 14:07,1494149,BK Hacken vs Sirius,"('Allsvenskan', False)",BTTS,Over/Si,1.57,0.7755,0.5890,0.1865,0.2176,v3.2-fil,BTTS,Total,W,,,,,,
2026-04-26 14:07,1494149,BK Hacken vs Sirius,"('Allsvenskan', False)",Goles Sirius O/U 1.5,Over/Si,2.00,0.6366,0.4638,0.1728,0.2733,v3.2-fil,Goles,Visitante,W,,,,,,
2026-04-26 14:07,1494150,Kalmar FF vs IF Elfsborg,"('Allsvenskan', False)",Corners Kalmar FF O/U 5.5,Over/Si,1.91,0.6849,0.4852,0.1997,0.3081,v3.2-fil,Corners,Local,L,,,,,,
2026-04-26 14:07,1494152,Orgryte IS vs Degerfors IF,"('Allsvenskan', False)",Goles tot. O/U 3.5,Over/Si,3.25,0.4408,0.2904,0.1504,0.4327,v3.2-fil,Goles,Total,L,,,,,,
2026-04-26 14:07,1494152,Orgryte IS vs Degerfors IF,"('Allsvenskan', False)",BTTS,Over/Si,1.67,0.6553,0.5570,0.0982,0.0943,v3.2-fil,BTTS,Total,W,,,,,,
2026-04-26 14:09,1394705,Beşiktaş vs Fatih Karagümrük,"('Super Lig', False)",Goles Beşiktaş O/U 2.5,Over/Si,2.20,0.5884,0.4241,0.1643,0.2945,v3.2-fil,Goles,Local,L,,,,,,
2026-04-26 14:09,1394705,Beşiktaş vs Fatih Karagümrük,"('Super Lig', False)",Corners Fatih Karagümrük O/U 2.5,Over/Si,1.62,0.7393,0.5759,0.1634,0.1976,v3.2-fil,Corners,Visitante,L,,,,,,
2026-04-26 14:09,1394705,Beşiktaş vs Fatih Karagümrük,"('Super Lig', False)",Corners Fatih Karagümrük O/U 3.5,Over/Si,2.25,0.5484,0.4110,0.1374,0.2339,v3.2-fil,Corners,Visitante,L,,,,,,
2026-04-26 22:04,1540841,Paris Saint Germain vs Bayern München,"('Champions League', True)",Goles Bayern München O/U 1.5,Over/Si,1.83,0.7268,0.5000,0.2268,0.3300,v3.2-fil,Goles,Visitante,W,1.80,+1.67,2026-04-28 18:44,,,exact
2026-04-26 22:04,1540841,Paris Saint Germain vs Bayern München,"('Champions League', True)",Goles tot. O/U 4.5,Over/Si,3.20,0.4868,0.2982,0.1885,0.5577,v3.2-fil,Goles,Total,W,3.40,-5.88,2026-04-28 18:44,,,exact
2026-04-26 22:04,1540841,Paris Saint Germain vs Bayern München,"('Champions League', True)",Tarjetas tot. O/U 4.5,Under/No,1.83,0.6827,0.5000,0.1827,0.2493,v3.2-fil,Tarjetas,Total,W,1.62,+12.96,2026-04-28 18:44,,,exact
2026-04-26 22:04,1540841,Paris Saint Germain vs Bayern München,"('Champions League', True)",Goles tot. O/U 3.5,Over/Si,1.91,0.6752,0.5000,0.1752,0.2896,v3.2-fil,Goles,Total,W,2.00,-4.50,2026-04-28 18:44,,,exact
2026-04-26 22:04,1540841,Paris Saint Germain vs Bayern München,"('Champions League', True)",Goles tot. O/U 2.5,Over/Si,1.40,0.8384,0.6818,0.1566,0.1737,v3.2-fil,Goles,Total,W,1.44,-2.78,2026-04-28 18:44,,,exact
2026-04-26 22:04,1540841,Paris Saint Germain vs Bayern München,"('Champions League', True)",Corners Bayern München O/U 4.5,Over/Si,2.00,0.5800,0.4638,0.1162,0.1600,v3.2-fil,Corners,Visitante,W,2.10,-4.76,2026-04-28 18:44,,,exact
2026-04-26 22:04,1540841,Paris Saint Germain vs Bayern München,"('Champions League', True)",BTTS,Over/Si,1.36,0.8025,0.6881,0.1144,0.0913,v3.2-fil,BTTS,Total,W,1.36,+0.00,2026-04-28 18:44,,,exact
2026-04-26 22:04,1540841,Paris Saint Germain vs Bayern München,"('Champions League', True)",Tarjetas tot. O/U 3.5,Under/No,2.20,0.4882,0.4241,0.0641,0.0741,v3.2-fil,Tarjetas,Total,W,2.20,+0.00,2026-04-28 18:44,,,exact
2026-04-26 22:04,1535275,Lanus vs LDU de Quito,"('Copa Libertadores', True)",Tarjetas tot. O/U 5.5,Under/No,1.61,0.6261,0.5372,0.0889,0.0112,v3.2-fil,Tarjetas,Total,L,1.62,-0.62,2026-04-28 21:49,,,exact
2026-04-26 22:05,1535276,Libertad Asuncion vs Independiente del Valle,"('Copa Libertadores', True)",Tarjetas tot. O/U 5.5,Under/No,2.02,0.7036,0.4938,0.2097,0.4247,v3.2-fil,Tarjetas,Total,W,2.20,-8.18,2026-04-28 21:49,,,exact
2026-04-26 22:05,1535276,Libertad Asuncion vs Independiente del Valle,"('Copa Libertadores', True)",Corners Libertad Asuncion O/U 4.5,Over/Si,2.10,0.5570,0.4430,0.1140,0.1696,v3.2-fil,Corners,Local,L,2.00,+5.00,2026-04-28 21:49,,,exact
2026-04-26 22:05,1535172,Botafogo vs Independiente Petrolero,"('Copa Sudamericana', True)",Corners Independiente Petrolero O/U 2.5,Over/Si,2.00,0.6979,0.4634,0.2346,0.3959,v3.2-fil,Corners,Visitante,L,2.20,-9.09,2026-04-28 21:49,,,exact
2026-04-26 22:05,1535183,San Lorenzo vs Santos,"('Copa Sudamericana', True)",Goles San Lorenzo O/U 1.5,Over/Si,2.75,0.5464,0.3373,0.2090,0.5025,v3.2-fil,Goles,Local,L,3.40,-19.12,2026-04-28 21:49,,,exact
2026-04-26 22:05,1535183,San Lorenzo vs Santos,"('Copa Sudamericana', True)",Goles San Lorenzo O/U 0.5,Over/Si,1.40,0.8408,0.6627,0.1782,0.1772,v3.2-fil,Goles,Local,W,1.44,-2.78,2026-04-28 21:49,,,exact
2026-04-27 20:52,1540842,Atletico Madrid vs Arsenal,"('Champions League', True)",Goles Atletico Madrid O/U 1.5,Over/Si,2.75,0.5450,0.3373,0.2076,0.4987,v3.2-fil,Goles,Local,L,3.40,-19.12,2026-04-29 18:40,,,exact
2026-04-27 20:52,1540842,Atletico Madrid vs Arsenal,"('Champions League', True)",Goles Atletico Madrid O/U 0.5,Over/Si,1.40,0.8390,0.6627,0.1763,0.1746,v3.2-fil,Goles,Local,W,1.44,-2.78,2026-04-29 18:40,,,exact
2026-04-27 20:52,1540842,Atletico Madrid vs Arsenal,"('Champions League', True)",BTTS,Over/Si,1.95,0.5822,0.4800,0.1022,0.1353,v3.2-fil,BTTS,Total,W,1.95,+0.00,2026-04-29 18:40,,,exact
2026-04-27 20:53,1540871,SC Braga vs SC Freiburg,"('Europa League', True)",Goles SC Braga O/U 1.5,Over/Si,2.50,0.7428,0.3750,0.3678,0.8569,v3.2-fil,Goles,Local,,2.50,+0.00,2026-04-30 18:40,,,exact
2026-04-27 20:53,1540871,SC Braga vs SC Freiburg,"('Europa League', True)",Goles SC Braga O/U 0.5,Over/Si,1.30,0.9299,0.7234,0.2065,0.2088,v3.2-fil,Goles,Local,,1.30,+0.00,2026-04-30 18:40,,,exact
2026-04-27 20:53,1540871,SC Braga vs SC Freiburg,"('Europa League', True)",Corners SC Braga O/U 4.5,Over/Si,1.83,0.6932,0.5000,0.1932,0.2707,v3.2-fil,Corners,Local,,1.67,+9.58,2026-04-30 18:40,,,exact
2026-04-27 20:53,1540871,SC Braga vs SC Freiburg,"('Europa League', True)",Goles tot. O/U 2.5,Over/Si,2.10,0.6356,0.4517,0.1839,0.3347,v3.2-fil,Goles,Total,,2.30,-8.70,2026-04-30 18:40,,,exact
2026-04-27 20:53,1540880,Shakhtar Donetsk vs Crystal Palace,"('Conference League', True)",Goles Shakhtar Donetsk O/U 0.5,Over/Si,1.50,0.8387,0.6250,0.2137,0.2581,v3.2-fil,Goles,Local,,1.53,-1.96,2026-04-30 18:40,,,exact
2026-04-27 20:53,1540880,Shakhtar Donetsk vs Crystal Palace,"('Conference League', True)",Goles tot. O/U 2.5,Over/Si,2.10,0.6250,0.4474,0.1777,0.3125,v3.2-fil,Goles,Total,,2.25,-6.67,2026-04-30 18:40,,,exact
2026-04-27 20:53,1540880,Shakhtar Donetsk vs Crystal Palace,"('Conference League', True)",BTTS,Over/Si,1.83,0.6320,0.5000,0.1320,0.1566,v3.2-fil,BTTS,Total,,2.00,-8.50,2026-04-30 18:40,,,exact
2026-04-27 20:53,1540879,Rayo Vallecano vs Strasbourg,"('Conference League', True)",Corners tot. O/U 9.5,Over/Si,1.98,0.5907,0.4789,0.1117,0.1695,v3.2-fil,Corners,Total,,1.98,+0.00,2026-04-30 18:40,,,exact
2026-04-27 20:54,1535281,UCV vs Rosario Central,"('Copa Libertadores', True)",Goles UCV O/U 0.5,Over/Si,1.80,0.7475,0.5148,0.2326,0.3454,v3.2-fil,Goles,Local,L,1.62,+11.11,2026-04-28 23:44,,,exact
2026-04-27 20:54,1535281,UCV vs Rosario Central,"('Copa Libertadores', True)",Corners UCV O/U 3.5,Over/Si,2.00,0.6313,0.4638,0.1675,0.2625,v3.2-fil,Corners,Local,L,1.83,+9.29,2026-04-28 23:44,,,exact
2026-04-27 20:54,1535281,UCV vs Rosario Central,"('Copa Libertadores', True)",Tarjetas tot. O/U 5.5,Under/No,1.98,0.6300,0.4789,0.1510,0.2474,v3.2-fil,Tarjetas,Total,L,1.91,+3.66,2026-04-28 23:44,,,exact
2026-04-27 20:54,1535270,Cruzeiro vs Boca Juniors,"('Copa Libertadores', True)",Tarjetas tot. O/U 6.5,Under/No,1.73,0.7203,0.5366,0.1837,0.2439,v3.2-fil,Tarjetas,Total,L,1.95,-11.28,2026-04-29 00:14,,,exact
2026-04-27 20:54,1535270,Cruzeiro vs Boca Juniors,"('Copa Libertadores', True)",Corners Cruzeiro O/U 4.5,Over/Si,1.73,0.6928,0.5362,0.1566,0.1986,v3.2-fil,Corners,Local,W,1.73,+0.00,2026-04-29 00:14,,,exact
2026-04-27 20:54,1535270,Cruzeiro vs Boca Juniors,"('Copa Libertadores', True)",Corners Cruzeiro O/U 5.5,Over/Si,2.20,0.5442,0.4241,0.1201,0.1972,v3.2-fil,Corners,Local,L,2.20,+0.00,2026-04-29 00:14,,,exact
2026-04-27 20:54,1535270,Cruzeiro vs Boca Juniors,"('Copa Libertadores', True)",Tarjetas tot. O/U 5.5,Under/No,2.00,0.5677,0.4638,0.1039,0.1354,v3.2-fil,Tarjetas,Total,L,2.00,+0.00,2026-04-29 00:14,,,exact
2026-04-27 20:54,1535271,Deportes Tolima vs Coquimbo Unido,"('Copa Libertadores', True)",Corners Deportes Tolima O/U 4.5,Over/Si,2.00,0.5736,0.4638,0.1098,0.1473,v3.2-fil,Corners,Local,L,1.73,+15.61,2026-04-29 01:44,,,exact
2026-04-27 20:55,1535279,Sporting Cristal vs Junior,"('Copa Libertadores', True)",Tarjetas tot. O/U 5.5,Under/No,1.73,0.6530,0.5362,0.1168,0.1297,v3.2-fil,Tarjetas,Total,W,2.00,-13.50,2026-04-29 01:44,,,exact
2026-04-27 20:55,1535278,Platense vs Santa Fe,"('Copa Libertadores', True)",Tarjetas tot. O/U 5.5,Under/No,1.67,0.7770,0.5228,0.2542,0.2944,v3.2-fil,Tarjetas,Total,W,1.67,+0.00,2026-04-29 21:40,,,exact
2026-04-27 20:55,1535278,Platense vs Santa Fe,"('Copa Libertadores', True)",Tarjetas tot. O/U 4.5,Under/No,1.98,0.6162,0.5063,0.1099,0.2171,v3.2-fil,Tarjetas,Total,L,2.00,-1.00,2026-04-29 21:40,,,exact
2026-04-27 20:55,1535277,Mirassol vs Always Ready,"('Copa Libertadores', True)",Corners Always Ready O/U 2.5,Over/Si,2.00,0.7841,0.4638,0.3203,0.5683,v3.2-fil,Corners,Visitante,W,2.00,+0.00,2026-04-29 21:40,,,exact
2026-04-27 20:55,1535277,Mirassol vs Always Ready,"('Copa Libertadores', True)",Tarjetas tot. O/U 6.5,Under/No,1.80,0.6938,0.5263,0.1675,0.2489,v3.2-fil,Tarjetas,Total,L,1.80,+0.00,2026-04-29 21:40,,,exact
2026-04-27 20:55,1535277,Mirassol vs Always Ready,"('Copa Libertadores', True)",Corners tot. O/U 11.5,Over/Si,3.00,0.4210,0.3124,0.1086,0.2631,v3.2-fil,Corners,Total,W,3.50,-14.29,2026-04-29 21:40,,,exact
2026-04-27 20:55,1535277,Mirassol vs Always Ready,"('Copa Libertadores', True)",Corners tot. O/U 9.5,Over/Si,1.80,0.6291,0.5263,0.1028,0.1324,v3.2-fil,Corners,Total,W,2.02,-10.89,2026-04-29 21:40,,,exact
2026-04-27 20:56,1535272,Estudiantes L.P. vs Flamengo,"('Copa Libertadores', True)",Corners Estudiantes L.P. O/U 4.5,Over/Si,2.00,0.6258,0.4638,0.1620,0.2515,v3.2-fil,Corners,Local,W,1.91,+4.71,2026-04-30 00:10,,,exact
2026-04-27 20:56,1535268,Cerro Porteno vs Palmeiras,"('Copa Libertadores', True)",Corners Cerro Porteno O/U 4.5,Over/Si,2.20,0.5742,0.4241,0.1501,0.2633,v3.2-fil,Corners,Local,L,1.83,+20.22,2026-04-30 00:10,,,exact
2026-04-27 20:56,1535268,Cerro Porteno vs Palmeiras,"('Copa Libertadores', True)",Tarjetas tot. O/U 5.5,Under/No,1.67,0.6311,0.5262,0.1050,0.0514,v3.2-fil,Tarjetas,Total,W,1.67,+0.00,2026-04-30 00:10,,,exact
2026-04-27 20:56,1535280,Universitario vs Club Nacional,"('Copa Libertadores', True)",Tarjetas tot. O/U 5.5,Under/No,1.80,0.7572,0.5263,0.2309,0.3630,v3.2-fil,Tarjetas,Total,L,1.80,+0.00,2026-04-30 01:40,,,exact
2026-04-27 20:56,1535274,Independ. Rivadavia vs Deportivo La Guaira,"('Copa Libertadores', True)",Tarjetas tot. O/U 5.5,Under/No,1.80,0.6798,0.5263,0.1535,0.2237,v3.2-fil,Tarjetas,Total,,1.83,-1.64,2026-04-30 21:40,,,exact
2026-04-27 20:56,1535274,Independ. Rivadavia vs Deportivo La Guaira,"('Copa Libertadores', True)",Corners Independ. Rivadavia O/U 4.5,Over/Si,1.62,0.7245,0.5759,0.1485,0.1736,v3.2-fil,Corners,Local,,1.62,+0.00,2026-04-30 21:40,,,exact
2026-04-27 20:56,1535274,Independ. Rivadavia vs Deportivo La Guaira,"('Copa Libertadores', True)",BTTS,Over/Si,2.25,0.4816,0.4110,0.0706,0.0835,v3.2-fil,BTTS,Total,,2.25,+0.00,2026-04-30 21:40,,,exact
2026-04-27 20:57,1535267,Bolívar vs Fluminense,"('Copa Libertadores', True)",Tarjetas tot. O/U 4.5,Under/No,2.00,0.6975,0.4638,0.2337,0.3951,v3.2-fil,Tarjetas,Total,,2.02,-0.99,2026-04-30 21:40,,,exact
2026-04-27 20:57,1535171,Barracas Central vs A. Italiano,"('Copa Sudamericana', True)",Corners A. Italiano O/U 3.5,Over/Si,1.73,0.6399,0.5362,0.1037,0.1070,v3.2-fil,Corners,Visitante,L,1.83,-5.46,2026-04-28 23:44,,,exact
2026-04-27 20:58,1535179,Millonarios vs Sao Paulo,"('Copa Sudamericana', True)",Goles Millonarios O/U 1.5,Over/Si,2.25,0.5775,0.4110,0.1665,0.2994,v3.2-fil,Goles,Local,L,2.10,+7.14,2026-04-29 00:14,,,exact
2026-04-27 20:58,1535179,Millonarios vs Sao Paulo,"('Copa Sudamericana', True)",Corners tot. O/U 8.5,Over/Si,1.73,0.6214,0.5069,0.1145,0.0731,v3.2-fil,Corners,Total,W,1.83,-5.46,2026-04-29 00:14,,,exact
2026-04-27 20:58,1535179,Millonarios vs Sao Paulo,"('Copa Sudamericana', True)",Corners tot. O/U 10.5,Over/Si,3.25,0.3981,0.2909,0.1072,0.2937,v3.2-fil,Corners,Total,W,3.25,+0.00,2026-04-29 00:14,,,exact
2026-04-27 20:58,1535180,O'Higgins vs Boston River,"('Copa Sudamericana', True)",Corners O'Higgins O/U 5.5,Over/Si,1.80,0.6218,0.5148,0.1070,0.1193,v3.2-fil,Corners,Local,L,1.80,+0.00,2026-04-29 01:44,,,exact
2026-04-27 20:58,1535177,Deportivo Riestra vs Atletico Torque,"('Copa Sudamericana', True)",Corners Deportivo Riestra O/U 4.5,Over/Si,2.00,0.5843,0.4638,0.1205,0.1686,v3.2-fil,Corners,Local,L,1.83,+9.29,2026-04-29 21:40,,,exact
2026-04-27 20:58,1535178,Juventud vs Puerto Cabello,"('Copa Sudamericana', True)",Corners Juventud O/U 4.5,Over/Si,1.83,0.6099,0.5000,0.1099,0.1160,v3.2-fil,Corners,Local,L,1.73,+5.78,2026-04-29 21:40,,,exact
2026-04-27 20:59,1535175,Caracas FC vs Racing Club,"('Copa Sudamericana', True)",Corners Caracas FC O/U 3.5,Over/Si,2.00,0.6754,0.4638,0.2116,0.3509,v3.2-fil,Corners,Local,W,2.00,+0.00,2026-04-29 21:40,,,exact
2026-04-27 20:59,1535181,Palestino vs Gremio,"('Copa Sudamericana', True)",Corners Palestino O/U 4.5,Over/Si,2.00,0.7590,0.4638,0.2951,0.5179,v3.2-fil,Corners,Local,L,1.83,+9.29,2026-04-30 00:10,,,exact
2026-04-27 20:59,1535176,Cienciano vs Atletico-MG,"('Copa Sudamericana', True)",Corners Cienciano O/U 4.5,Over/Si,1.83,0.6108,0.5000,0.1108,0.1178,v3.2-fil,Corners,Local,W,1.83,+0.00,2026-04-30 00:10,,,exact
2026-04-27 21:00,1535185,Vasco DA Gama vs Olimpia,"('Copa Sudamericana', True)",Corners Vasco DA Gama O/U 4.5,Over/Si,1.67,0.7233,0.5570,0.1663,0.2079,v3.2-fil,Corners,Local,,1.67,+0.00,2026-04-30 21:40,,,exact
2026-04-27 21:00,1535185,Vasco DA Gama vs Olimpia,"('Copa Sudamericana', True)",Goles Olimpia O/U 0.5,Over/Si,1.62,0.7336,0.5759,0.1577,0.1884,v3.2-fil,Goles,Visitante,,1.53,+5.88,2026-04-30 21:40,,,exact
2026-04-27 21:00,1535185,Vasco DA Gama vs Olimpia,"('Copa Sudamericana', True)",BTTS,Over/Si,2.00,0.6105,0.4638,0.1467,0.2210,v3.2-fil,BTTS,Total,,1.91,+4.71,2026-04-30 21:40,,,exact
2026-04-27 21:00,1535174,Carabobo FC vs Blooming,"('Copa Sudamericana', True)",Corners Blooming O/U 3.5,Over/Si,1.91,0.6244,0.4852,0.1392,0.1925,v3.2-fil,Corners,Visitante,,2.25,-15.11,2026-04-30 21:40,,,exact
2026-04-27 21:00,1535174,Carabobo FC vs Blooming,"('Copa Sudamericana', True)",Corners tot. O/U 8.5,Over/Si,1.67,0.6472,0.5328,0.1144,0.0782,v3.2-fil,Corners,Total,,1.67,+0.24,2026-04-30 21:40,,,exact
2026-04-27 23:15,1535179,Millonarios vs Sao Paulo,"('Copa Sudamericana', True)",Corners Sao Paulo O/U 3.5,Over/Si,1.62,0.7002,0.5759,0.1243,0.1343,v3.2-fil,Corners,Visitante,W,1.83,-11.48,2026-04-29 00:14,,,exact
2026-04-27 23:15,1535179,Millonarios vs Sao Paulo,"('Copa Sudamericana', True)",Corners tot. O/U 7.5,Over/Si,1.44,0.7573,0.6451,0.1122,0.0936,v3.2-fil,Corners,Total,W,1.44,-0.28,2026-04-29 00:14,,,exact
2026-04-28 12:09,1535172,Botafogo vs Independiente Petrolero,"('Copa Sudamericana', True)",Goles Independiente Petrolero O/U 0.5,Over/Si,2.25,0.6191,0.4110,0.2081,0.3930,v3.2-fil,Goles,Visitante,L,2.25,+0.00,2026-04-28 21:49,,,exact
2026-04-28 12:09,1535172,Botafogo vs Independiente Petrolero,"('Copa Sudamericana', True)",BTTS,Over/Si,2.38,0.5077,0.3913,0.1164,0.2082,v3.2-fil,BTTS,Total,L,2.50,-4.80,2026-04-28 21:49,,,exact
2026-04-28 12:10,1535182,Deportivo Recoleta vs Deportivo Cuenca,"('Copa Sudamericana', True)",Corners Deportivo Recoleta O/U 4.5,Over/Si,1.91,0.6081,0.4852,0.1229,0.1615,v3.2-fil,Corners,Local,W,1.91,+0.00,2026-04-29 00:14,,,exact
2026-04-28 23:49,1540842,Atletico Madrid vs Arsenal,"('Champions League', True)",Tarjetas tot. O/U 4.5,Under/No,1.78,0.7066,0.5316,0.1750,0.2577,v3.2-fil,Tarjetas,Total,W,1.78,+0.00,2026-04-29 18:40,,,exact
2026-04-28 23:49,1540842,Atletico Madrid vs Arsenal,"('Champions League', True)",Tarjetas tot. O/U 3.5,Under/No,2.10,0.5161,0.4430,0.0732,0.0839,v3.2-fil,Tarjetas,Total,W,1.88,+11.70,2026-04-29 18:40,,,exact
2026-04-28 23:49,1540880,Shakhtar Donetsk vs Crystal Palace,"('Conference League', True)",Corners Shakhtar Donetsk O/U 3.5,Over/Si,1.73,0.7365,0.5362,0.2003,0.2742,v3.2-fil,Corners,Local,,1.73,+0.00,2026-04-30 18:40,,,exact
2026-04-28 23:50,1540879,Rayo Vallecano vs Strasbourg,"('Conference League', True)",Corners Rayo Vallecano O/U 4.5,Over/Si,1.67,0.7658,0.5570,0.2088,0.2790,v3.2-fil,Corners,Local,,1.67,+0.00,2026-04-30 18:40,,,exact
2026-04-28 23:50,1535277,Mirassol vs Always Ready,"('Copa Libertadores', True)",Tarjetas tot. O/U 5.5,Under/No,2.10,0.5384,0.4430,0.0954,0.1306,v3.2-fil,Tarjetas,Total,L,2.10,+0.00,2026-04-29 21:40,,,exact
2026-04-28 23:51,1535266,Barcelona SC vs U. Catolica,"('Copa Libertadores', True)",Tarjetas tot. O/U 5.5,Under/No,1.82,0.6635,0.5211,0.1425,0.2076,v3.2-fil,Tarjetas,Total,W,1.80,+1.11,2026-04-29 23:10,,,exact
2026-04-28 23:51,1535280,Universitario vs Club Nacional,"('Copa Libertadores', True)",Corners Universitario O/U 4.5,Over/Si,1.73,0.7421,0.5366,0.2055,0.2817,v3.2-fil,Corners,Local,W,1.67,+3.59,2026-04-30 01:40,,,exact
2026-04-28 23:51,1535280,Universitario vs Club Nacional,"('Copa Libertadores', True)",Corners tot. O/U 10.5,Over/Si,3.25,0.4337,0.2909,0.1428,0.4094,v3.2-fil,Corners,Total,W,3.25,+0.00,2026-04-30 01:40,,,exact
2026-04-28 23:51,1535280,Universitario vs Club Nacional,"('Copa Libertadores', True)",Corners tot. O/U 8.5,Over/Si,1.80,0.6557,0.5263,0.1294,0.1803,v3.2-fil,Corners,Total,W,1.80,+0.00,2026-04-30 01:40,,,exact
2026-04-28 23:51,1535280,Universitario vs Club Nacional,"('Copa Libertadores', True)",Corners tot. O/U 7.5,Over/Si,1.44,0.7582,0.6451,0.1131,0.0949,v3.2-fil,Corners,Total,W,1.44,-0.28,2026-04-30 01:40,,,exact
2026-04-28 23:52,1535267,Bolívar vs Fluminense,"('Copa Libertadores', True)",Corners Fluminense O/U 2.5,Over/Si,2.38,0.5462,0.3913,0.1549,0.2999,v3.2-fil,Corners,Visitante,,1.91,+24.61,2026-04-30 21:40,,,exact
2026-04-28 23:52,1535177,Deportivo Riestra vs Atletico Torque,"('Copa Sudamericana', True)",Tarjetas tot. O/U 5.5,Under/No,1.91,0.6067,0.4852,0.1215,0.1588,v3.2-fil,Tarjetas,Total,L,2.00,-4.50,2026-04-29 21:40,,,exact
2026-04-28 23:53,1535176,Cienciano vs Atletico-MG,"('Copa Sudamericana', True)",Tarjetas tot. O/U 5.5,Under/No,1.80,0.7968,0.5263,0.2704,0.4342,v3.2-fil,Tarjetas,Total,W,1.80,+0.00,2026-04-30 00:10,,,exact
2026-04-28 23:53,1535176,Cienciano vs Atletico-MG,"('Copa Sudamericana', True)",Corners Atletico-MG O/U 2.5,Over/Si,1.67,0.7481,0.5570,0.1911,0.2493,v3.2-fil,Corners,Visitante,L,1.67,+0.00,2026-04-30 00:10,,,exact
2026-04-28 23:53,1535176,Cienciano vs Atletico-MG,"('Copa Sudamericana', True)",Corners Atletico-MG O/U 3.5,Over/Si,2.10,0.5588,0.4430,0.1158,0.1734,v3.2-fil,Corners,Visitante,L,2.00,+5.00,2026-04-30 00:10,,,exact
2026-04-28 23:54,1535185,Vasco DA Gama vs Olimpia,"('Copa Sudamericana', True)",Tarjetas tot. O/U 5.5,Under/No,1.67,0.6896,0.5570,0.1325,0.1516,v3.2-fil,Tarjetas,Total,,1.67,+0.00,2026-04-30 21:40,,,exact
2026-04-29 18:28,1379315,Leeds vs Burnley,"('Premier League', False)",BTTS,Over/Si,1.95,0.5492,0.4800,0.0692,0.0710,v3.2-fil,BTTS,Total,,,,,,,
2026-04-29 18:30,1419953,Sampdoria vs Sudtirol,"('Coppa Italia', True)",Corners Sampdoria O/U 4.5,Over/Si,1.80,0.6281,0.5148,0.1133,0.1306,v3.2-fil,Corners,Local,,,,,,,
2026-04-29 18:30,1419958,Bari vs Virtus Entella,"('Coppa Italia', True)",Goles Bari O/U 1.5,Over/Si,2.75,0.5280,0.3373,0.1906,0.4519,v3.2-fil,Goles,Local,,,,,,,
2026-04-29 18:31,1419959,Empoli vs Avellino,"('Coppa Italia', True)",Corners Empoli O/U 5.5,Over/Si,2.10,0.6783,0.4430,0.2353,0.4244,v3.2-fil,Corners,Local,,,,,,,
2026-04-29 18:31,1419955,Spezia vs Venezia,"('Coppa Italia', True)",Corners Spezia O/U 4.5,Over/Si,2.10,0.6146,0.4430,0.1716,0.2907,v3.2-fil,Corners,Local,,,,,,,
2026-04-29 18:32,1419960,Padova vs Pescara,"('Coppa Italia', True)",Corners Padova O/U 4.5,Over/Si,2.00,0.6241,0.4638,0.1603,0.2482,v3.2-fil,Corners,Local,,,,,,,
2026-04-29 18:33,1419957,Modena vs Reggiana,"('Coppa Italia', True)",Corners Reggiana O/U 2.5,Over/Si,1.67,0.7247,0.5570,0.1676,0.2102,v3.2-fil,Corners,Visitante,,,,,,,
2026-04-29 18:33,1419954,Carrarese vs Cesena,"('Coppa Italia', True)",Goles Carrarese O/U 1.5,Over/Si,2.00,0.6615,0.4638,0.1977,0.3230,v3.2-fil,Goles,Local,,,,,,,
2026-04-29 18:33,1419954,Carrarese vs Cesena,"('Coppa Italia', True)",Corners Carrarese O/U 4.5,Over/Si,1.80,0.6609,0.5148,0.1461,0.1896,v3.2-fil,Corners,Local,,,,,,,
2026-04-29 18:33,1419956,Mantova vs Monza,"('Coppa Italia', True)",Corners Mantova O/U 3.5,Over/Si,1.73,0.7496,0.5362,0.2134,0.2968,v3.2-fil,Corners,Local,,,,,,,
2026-04-29 18:36,1535269,Corinthians vs Penarol,"('Copa Libertadores', True)",Tarjetas tot. O/U 6.5,Under/No,1.73,0.8286,0.5362,0.2924,0.4334,v3.2-fil,Tarjetas,Total,,,,,,,
2026-04-29 18:36,1535269,Corinthians vs Penarol,"('Copa Libertadores', True)",Tarjetas tot. O/U 5.5,Under/No,2.20,0.6998,0.4241,0.2757,0.5396,v3.2-fil,Tarjetas,Total,,,,,,,
2026-04-29 18:36,1535269,Corinthians vs Penarol,"('Copa Libertadores', True)",Corners Penarol O/U 3.5,Over/Si,1.80,0.7272,0.5148,0.2124,0.3090,v3.2-fil,Corners,Visitante,,,,,,,
2026-04-29 18:36,1535273,Independiente Medellin vs Cusco,"('Copa Libertadores', True)",Corners Cusco O/U 2.5,Over/Si,1.83,0.6155,0.5000,0.1155,0.1263,v3.2-fil,Corners,Visitante,,,,,,,
2026-04-29 18:38,1535184,Tigre vs America de Cali,"('Copa Sudamericana', True)",Tarjetas tot. O/U 5.5,Under/No,2.10,0.6079,0.4430,0.1650,0.2767,v3.2-fil,Tarjetas,Total,,,,,,,
2026-04-29 18:41,1394718,Rizespor vs Konyaspor,"('Super Lig', False)",Goles Rizespor O/U 1.5,Over/Si,1.91,0.6387,0.4852,0.1535,0.2199,v3.2-fil,Goles,Local,,,,,,,
2026-04-29 20:01,1379315,Leeds vs Burnley,"('Premier League', False)",Goles tot. O/U 3.5,Over/Si,2.75,0.4939,0.3437,0.1503,0.3583,v3.2-fil,Goles,Total,,,,,,,
2026-04-30 00:01,1491941,Central Cordoba de Santiago vs Boca Juniors,"('Liga Profesional', False)",Corners Central Cordoba de Santiago O/U 3.5,Over/Si,1.91,0.7036,0.4853,0.2183,0.3432,v3.2-fil,Corners,Local,,,,,,,
2026-04-30 00:02,1391158,Villarreal vs Levante,"('La Liga', False)",Goles Villarreal O/U 1.5,Over/Si,1.62,0.7668,0.5759,0.1909,0.2422,v3.2-fil,Goles,Local,,,,,,,
2026-04-30 00:02,1391158,Villarreal vs Levante,"('La Liga', False)",Goles Villarreal O/U 2.5,Over/Si,2.75,0.5265,0.3373,0.1892,0.4480,v3.2-fil,Goles,Local,,,,,,,
2026-04-30 00:02,1391157,Valencia vs Atletico Madrid,"('La Liga', False)",Corners Valencia O/U 4.5,Over/Si,1.62,0.7311,0.5759,0.1552,0.1843,v3.2-fil,Corners,Local,,,,,,,
2026-04-30 00:02,1391157,Valencia vs Atletico Madrid,"('La Liga', False)",BTTS,Over/Si,1.75,0.6442,0.5333,0.1109,0.1273,v3.2-fil,BTTS,Total,,,,,,,
2026-04-30 00:03,1391149,Alaves vs Athletic Club,"('La Liga', False)",Goles Alaves O/U 1.5,Over/Si,2.50,0.6219,0.3750,0.2469,0.5547,v3.2-fil,Goles,Local,,,,,,,
2026-04-30 00:03,1391149,Alaves vs Athletic Club,"('La Liga', False)",Goles Alaves O/U 0.5,Over/Si,1.30,0.8798,0.7234,0.1564,0.1437,v3.2-fil,Goles,Local,,,,,,,
2026-04-30 00:04,1379318,Wolves vs Sunderland,"('Premier League', False)",Corners Sunderland O/U 4.5,Over/Si,1.73,0.7119,0.5362,0.1757,0.2315,v3.2-fil,Corners,Visitante,,,,,,,
2026-04-30 00:04,1379309,Arsenal vs Fulham,"('Premier League', False)",Tarjetas tot. O/U 3.5,Under/No,1.75,0.6820,0.5395,0.1425,0.1934,v3.2-fil,Tarjetas,Total,,,,,,,
2026-04-30 00:05,1388588,Bayern München vs 1. FC Heidenheim,"('Bundesliga', False)",Goles tot. O/U 4.5,Over/Si,2.50,0.7827,0.3797,0.4030,0.9567,v3.2-fil,Goles,Total,,,,,,,
2026-04-30 00:05,1388588,Bayern München vs 1. FC Heidenheim,"('Bundesliga', False)",Goles Bayern München O/U 2.5,Over/Si,1.57,0.9296,0.5890,0.3406,0.4594,v3.2-fil,Goles,Local,,,,,,,
2026-04-30 00:05,1388588,Bayern München vs 1. FC Heidenheim,"('Bundesliga', False)",Goles tot. O/U 3.5,Over/Si,1.67,0.8926,0.5685,0.3241,0.4906,v3.2-fil,Goles,Total,,,,,,,
2026-04-30 00:05,1388588,Bayern München vs 1. FC Heidenheim,"('Bundesliga', False)",Goles tot. O/U 2.5,Over/Si,1.25,0.9587,0.7619,0.1968,0.1983,v3.2-fil,Goles,Total,,,,,,,
2026-04-30 00:05,1388588,Bayern München vs 1. FC Heidenheim,"('Bundesliga', False)",Goles Bayern München O/U 1.5,Over/Si,1.17,0.9799,0.8104,0.1695,0.1465,v3.2-fil,Goles,Local,,,,,,,
2026-04-30 00:05,1388595,Werder Bremen vs FC Augsburg,"('Bundesliga', False)",Corners Werder Bremen O/U 5.5,Over/Si,2.00,0.5671,0.4634,0.1038,0.1343,v3.2-fil,Corners,Local,,,,,,,
2026-04-30 00:05,1388592,1899 Hoffenheim vs VfB Stuttgart,"('Bundesliga', False)",Goles 1899 Hoffenheim O/U 2.5,Over/Si,3.00,0.5997,0.3119,0.2878,0.7991,v3.2-fil,Goles,Local,,,,,,,
2026-04-30 00:05,1388592,1899 Hoffenheim vs VfB Stuttgart,"('Bundesliga', False)",Goles 1899 Hoffenheim O/U 1.5,Over/Si,1.67,0.8165,0.5570,0.2595,0.3636,v3.2-fil,Goles,Local,,,,,,,
2026-04-30 00:05,1388592,1899 Hoffenheim vs VfB Stuttgart,"('Bundesliga', False)",Goles tot. O/U 4.5,Over/Si,3.20,0.5423,0.2982,0.2441,0.7355,v3.2-fil,Goles,Total,,,,,,,
2026-04-30 00:05,1388592,1899 Hoffenheim vs VfB Stuttgart,"('Bundesliga', False)",Goles tot. O/U 3.5,Over/Si,1.91,0.7184,0.5000,0.2184,0.3721,v3.2-fil,Goles,Total,,,,,,,
2026-04-30 00:05,1388592,1899 Hoffenheim vs VfB Stuttgart,"('Bundesliga', False)",Goles tot. O/U 2.5,Over/Si,1.36,0.8652,0.7018,0.1634,0.1767,v3.2-fil,Goles,Total,,,,,,,
2026-04-30 00:05,1388592,1899 Hoffenheim vs VfB Stuttgart,"('Bundesliga', False)",BTTS,Over/Si,1.36,0.7962,0.6881,0.1081,0.0828,v3.2-fil,BTTS,Total,,,,,,,
2026-04-30 00:07,1492241,Botafogo vs Remo,"('Brasileirao Serie A', False)",Goles Botafogo O/U 1.5,Over/Si,1.67,0.7208,0.5570,0.1637,0.2037,v3.2-fil,Goles,Local,,,,,,,
2026-04-30 00:07,1492241,Botafogo vs Remo,"('Brasileirao Serie A', False)",Goles Botafogo O/U 2.5,Over/Si,3.00,0.4679,0.3119,0.1560,0.4037,v3.2-fil,Goles,Local,,,,,,,
2026-04-30 00:07,1492240,Atletico Paranaense vs Gremio,"('Brasileirao Serie A', False)",Goles Atletico Paranaense O/U 1.5,Over/Si,2.10,0.7124,0.4430,0.2694,0.4961,v3.2-fil,Goles,Local,,,,,,,
2026-04-30 00:07,1492240,Atletico Paranaense vs Gremio,"('Brasileirao Serie A', False)",Goles Atletico Paranaense O/U 0.5,Over/Si,1.22,0.9195,0.7663,0.1532,0.1218,v3.2-fil,Goles,Local,,,,,,,
2026-04-30 00:08,1378206,Como vs Napoli,"('Serie A', False)",Goles Como O/U 1.5,Over/Si,2.25,0.6041,0.4110,0.1931,0.3592,v3.2-fil,Goles,Local,,,,,,,
2026-04-30 00:15,1494160,Sirius vs Kalmar FF,"('Allsvenskan', False)",Goles Sirius O/U 2.5,Over/Si,2.62,0.5859,0.3547,0.2312,0.5351,v3.2-fil,Goles,Local,,,,,,,
2026-04-30 00:15,1494160,Sirius vs Kalmar FF,"('Allsvenskan', False)",Goles Sirius O/U 1.5,Over/Si,1.53,0.8064,0.6087,0.1977,0.2338,v3.2-fil,Goles,Local,,,,,,,
2026-04-30 00:15,1494160,Sirius vs Kalmar FF,"('Allsvenskan', False)",Goles tot. O/U 3.5,Over/Si,2.62,0.5340,0.3547,0.1793,0.3991,v3.2-fil,Goles,Total,,,,,,,
2026-04-30 00:15,1494160,Sirius vs Kalmar FF,"('Allsvenskan', False)",Goles tot. O/U 2.5,Over/Si,1.67,0.7354,0.5628,0.1726,0.2281,v3.2-fil,Goles,Total,,,,,,,
2026-04-30 00:17,1392178,Castellón vs Cordoba,"('LaLiga 2', False)",Corners Cordoba O/U 3.5,Over/Si,1.67,0.7900,0.5570,0.2330,0.3193,v3.2-fil,Corners,Visitante,,,,,,,
2026-04-30 00:17,1392178,Castellón vs Cordoba,"('LaLiga 2', False)",Goles Castellón O/U 2.5,Over/Si,2.50,0.5781,0.3750,0.2031,0.4453,v3.2-fil,Goles,Local,,,,,,,
2026-04-30 00:17,1392178,Castellón vs Cordoba,"('LaLiga 2', False)",Goles Castellón O/U 1.5,Over/Si,1.50,0.8019,0.6250,0.1769,0.2028,v3.2-fil,Goles,Local,,,,,,,
2026-04-30 00:17,1392178,Castellón vs Cordoba,"('LaLiga 2', False)",Goles tot. O/U 3.5,Over/Si,2.10,0.6073,0.4430,0.1643,0.2753,v3.2-fil,Goles,Total,,,,,,,
2026-04-30 00:17,1392178,Castellón vs Cordoba,"('LaLiga 2', False)",Goles tot. O/U 2.5,Over/Si,1.48,0.7939,0.6373,0.1566,0.1749,v3.2-fil,Goles,Total,,,,,,,
2026-04-30 00:17,1392181,Eibar vs Malaga,"('LaLiga 2', False)",Goles Eibar O/U 1.5,Over/Si,2.20,0.6619,0.4241,0.2378,0.4562,v3.2-fil,Goles,Local,,,,,,,
2026-04-30 00:17,1392181,Eibar vs Malaga,"('LaLiga 2', False)",Goles tot. O/U 2.5,Over/Si,2.10,0.6228,0.4474,0.1754,0.3079,v3.2-fil,Goles,Total,,,,,,,
2026-04-30 04:00,1491939,Barracas Central vs Banfield,"('Liga Profesional', False)",Corners Barracas Central O/U 3.5,Over/Si,1.73,0.7740,0.5366,0.2374,0.3367,v3.2-fil,Corners,Local,,,,,,,
2026-04-30 04:17,1394713,Fenerbahçe vs Başakşehir,"('Super Lig', False)",Corners Başakşehir O/U 3.5,Over/Si,1.91,0.6938,0.4852,0.2086,0.3251,v3.2-fil,Corners,Visitante,,,,,,,
2026-04-30 04:17,1394720,Trabzonspor vs Göztepe,"('Super Lig', False)",Corners Göztepe O/U 3.5,Over/Si,1.80,0.6260,0.5148,0.1111,0.1267,v3.2-fil,Corners,Visitante,,,,,,,
2026-04-30 04:18,1394719,Samsunspor vs Galatasaray,"('Super Lig', False)",Corners Samsunspor O/U 3.5,Over/Si,1.80,0.7457,0.5148,0.2309,0.3422,v3.2-fil,Corners,Local,,,,,,,
2026-04-30 04:18,1394719,Samsunspor vs Galatasaray,"('Super Lig', False)",Goles Samsunspor O/U 1.5,Over/Si,3.25,0.4590,0.2904,0.1686,0.4918,v3.2-fil,Goles,Local,,,,,,,
